{
	"US": "Àdnà i Bilɔ̀ŋ bi Amerkà",
	"AE": "Àdnà i Bilɔ̀ŋ bi Arābìà",
	"GB": "Àdnà i Lɔ̂ŋ",
	"AF": "Àfgànìstâŋ",
	"ZA": "Àfrǐkà Sɔ̀",
	"HT": "Àitì",
	"AX": "Åland Islands",
	"AL": "Àlbanìà",
	"DZ": "Àlgerìà",
	"AS": "American Samoa",
	"AQ": "Antarctica",
	"AD": "Àŋdɔ̂r",
	"AI": "Àŋgiyà",
	"AO": "Àŋgolà",
	"AG": "Àŋtigà ɓɔ Bàrbudà",
	"AR": "Àrgàŋtinà",
	"AM": "Àrmenìà",
	"AW": "Àrubà",
	"AC": "Ascension Island",
	"AZ": "Àzɛ̀rbajàŋ",
	"BS": "Bàhamàs",
	"BD": "Bàŋglàdɛ̂s",
	"BH": "Bàraìn",
	"BB": "Bàrbadò",
	"BY": "Bèlarùs",
	"BZ": "Bèlîs",
	"BJ": "Bènɛ̂ŋ",
	"BE": "Bɛlgyùm",
	"BM": "Bɛ̀rmudà",
	"FK": "Bìòn bi Falkland",
	"KY": "Bìòn bi Kaymàn",
	"CK": "Bìòn bi Kook",
	"VG": "Bìòn bi kɔnji bi Ŋgisì",
	"VI": "Bìòn bi kɔnji bi U.S.",
	"MH": "Bìòn bi Marcàl",
	"MP": "Bìòn bi Marìanà ŋ̀ɔmbɔk",
	"SB": "Bìòn bi Salōmò",
	"TC": "Bìòn bi Tûrks nì Kalkòs",
	"IO": "Bìtèk bi Ŋgisì i Tūyɛ Īndìà",
	"BW": "Bòdsùanà",
	"BA": "Bòhnià Ɛrzègòvinà",
	"BO": "Bòlivìà",
	"BV": "Bouvet Island",
	"BR": "Bràsîl",
	"BN": "Brunei",
	"BG": "Bùlgarìà",
	"BF": "Bùrkìnà Fasò",
	"BI": "Bùrundì",
	"BT": "Bùtân",
	"TD": "Câd",
	"IC": "Canary Islands",
	"BQ": "Caribbean Netherlands",
	"EA": "Ceuta & Melilla",
	"CX": "Christmas Island",
	"CP": "Clipperton Island",
	"CC": "Cocos (Keeling) Islands",
	"CW": "Curaçao",
	"CZ": "Czechia",
	"DK": "Dànmârk",
	"DG": "Diego Garcia",
	"DM": "Dòmnîk",
	"DO": "Dòmnikà",
	"EG": "Ègîptò",
	"EC": "Èkwàtorìà",
	"ER": "Èrìtrěà",
	"EE": "Èstonìà",
	"ET": "Ètìopìà",
	"FO": "Faroe Islands",
	"FJ": "Fiji",
	"PH": "Fìlìpîn",
	"FI": "Fìnlând",
	"TF": "French Southern Territories",
	"GA": "Gàbɔ̂ŋ",
	"GM": "Gàmbià",
	"GH": "Ganà",
	"GE": "Gèɔrgìà",
	"GI": "Gìlbràtâr",
	"GN": "Gìnê",
	"GW": "Gìne Bìsàô",
	"GQ": "Gìne Èkwàtorìà",
	"PG": "Gìne ì Pàpu",
	"GD": "Grènadà",
	"GR": "Grǐkyà",
	"GL": "Grǐnlànd",
	"GU": "Gùâm",
	"GG": "Guernsey",
	"GY": "Gùyanà",
	"GF": "Gùyanà Pùlàsi",
	"GP": "Gwàdèlûp",
	"GT": "Gwàtèmalà",
	"HM": "Heard & McDonald Islands",
	"HK": "Hong Kong SAR China",
	"IN": "Indìà",
	"ID": "Indònèsià",
	"IQ": "Ìrâk",
	"IR": "Ìrâŋ",
	"IE": "Ìrlând",
	"IS": "Ìslandìà",
	"IM": "Isle of Man",
	"IL": "Isràɛ̂l",
	"IT": "Ìtalìà",
	"JM": "Jàmàikà",
	"DE": "Jamân",
	"JP": "Japan",
	"JE": "Jersey",
	"DJ": "Jìbutì",
	"CV": "Kabwɛ᷆r",
	"NC": "Kàlèdonìà Yɔ̀ndɔ",
	"KH": "Kàmbodìà",
	"CM": "Kàmɛ̀rûn",
	"CA": "Kànadà",
	"QA": "Kàtâr",
	"KZ": "Kàzàkstâŋ",
	"KE": "Kenìà",
	"CL": "Kìlî",
	"CN": "Kinà",
	"CY": "Kiprò",
	"KG": "Kìrgìzìstàŋ",
	"KI": "Kìrìbatì",
	"CG": "Kòŋgo",
	"CD": "Kòŋgo ìkɛŋi",
	"XK": "Kosovo",
	"CR": "Kòstà Rikà",
	"KW": "Kòwêt",
	"CO": "Kɔ̀lɔmbìà",
	"KM": "Kɔ̀mɔ̂r",
	"KP": "Kɔ̀re ì Ŋ̀ɔmbɔk",
	"KR": "Kɔ̀re ì Ŋ̀wɛ̀lmbɔk",
	"HR": "Kròasìà",
	"CU": "Kubà",
	"LV": "Làdvià",
	"LA": "Làôs",
	"LB": "Lèbanòn",
	"LS": "Lesòtò",
	"LR": "Lìberìà",
	"LY": "Libìà",
	"LI": "Ligstɛntàn",
	"LT": "Lìtùanìà",
	"LU": "Lùgsàmbûr",
	"MO": "Macau SAR China",
	"MG": "Màdàgàskâr",
	"MW": "Màlàwi",
	"MV": "Màldîf",
	"MY": "Màlɛ̀sìà",
	"ML": "Màli",
	"MT": "Maltà",
	"CI": "Màŋ mi Njɔ̂k",
	"MA": "Màrokò",
	"MQ": "Màrtìnîk",
	"MK": "Màsèdonìà",
	"YT": "Màyɔ̂t",
	"MX": "Mɛ̀gsîk",
	"FM": "Mìkrònesìà",
	"MD": "Moldavìà",
	"MC": "Mònakò",
	"ME": "Montenegro",
	"MN": "Mòŋgolìà",
	"MU": "Mòrîs",
	"MR": "Mòrìtanìà",
	"MZ": "Mòsàmbîk",
	"MS": "Mɔ̀ŋseràt",
	"MM": "Myànmâr",
	"NA": "Nàmibìà",
	"NP": "Nèpâl",
	"NR": "Nerù",
	"NG": "Nìgerìà",
	"NE": "Nìjɛ̂r",
	"NI": "Nìkàragwà",
	"NU": "Nìuɛ̀",
	"NL": "Ǹlɛndi",
	"NO": "Nɔ̀rvegìà",
	"SH": "Nûmpubi Ɛlēnà",
	"KN": "Nûmpubi Kîts nì Nevìs",
	"LC": "Nûmpubi Lusì",
	"SM": "Nûmpubi Māatìn",
	"PM": "Nûmpubi Petrò nì Mikèlôn",
	"VC": "Nûmpubi Vɛ̂ŋsâŋ nì grènàdîn",
	"CF": "Ŋ̀ɛm Afrīkà",
	"OM": "Òmân",
	"NF": "Òn i Nɔrfɔ̂k",
	"AU": "Òstralìà",
	"AT": "Òstrǐk",
	"HN": "Ɔ̀ŋduràs",
	"HU": "Ɔ̀ŋgriì",
	"PK": "Pàkìstân",
	"PW": "Pàlaù",
	"PS": "Pàlɛ̀htinà Hyɔ̀ŋg nì Gazà",
	"PA": "Pànàma",
	"ES": "Pànya",
	"PY": "Pàràgwê",
	"PE": "Pèrû",
	"PN": "Pìdkaìrn",
	"PL": "Pòlànd",
	"PF": "Pòlìnesìà Pùlàsi",
	"PR": "Pɔ̀rtò Rikò",
	"PT": "Pɔ̀tɔkì",
	"FR": "Pùlàsi \/ Fɛ̀lɛ̀nsi \/",
	"RE": "Rèunyɔ̂ŋ",
	"RW": "Rùandà",
	"RO": "Rùmanìà",
	"RU": "Ruslànd",
	"SV": "Sàlvàdɔ̂r",
	"WS": "Sàmoà",
	"ST": "Sào Tòme ɓɔ Prɛ̀ŋcipè",
	"SA": "Sàudi Àrabìà",
	"SN": "Sènègâl",
	"RS": "Serbia",
	"SC": "Sèsɛ̂l",
	"SL": "Sièra Lèɔ̂n",
	"NZ": "Sìlând Yɔ̀ndɔ",
	"SX": "Sint Maarten",
	"SG": "Sìŋgàpûr",
	"SY": "Sirìà",
	"SK": "Slòvakìà",
	"SI": "Slòvanìà",
	"SO": "Sòmalìà",
	"GS": "South Georgia & South Sandwich Islands",
	"SS": "South Sudan",
	"LK": "Srìlaŋkà",
	"BL": "St. Barthélemy",
	"MF": "St. Martin",
	"SD": "Sùdâŋ",
	"SR": "Sùrinâm",
	"CH": "Sùwîs",
	"SJ": "Svalbard & Jan Mayen",
	"SZ": "Swàzìlând",
	"SE": "Swedɛ̀n",
	"TJ": "Tàjìkìstaŋ",
	"TZ": "Tànzànià",
	"TH": "Taylànd",
	"TW": "Tàywân",
	"TL": "Tìmɔ̂r lìkòl",
	"TG": "Tògo",
	"TK": "Tòkèlaò",
	"TO": "Tɔŋgà",
	"TT": "Trìnidàd ɓɔ Tòbagò",
	"TA": "Tristan da Cunha",
	"TN": "Tùnisìà",
	"TM": "Tùrgmènìstân",
	"TR": "Tùrkây",
	"TV": "Tùvàlù",
	"UM": "U.S. Outlying Islands",
	"UG": "Ùgandà",
	"UA": "Ùkrɛ̌n",
	"UY": "Ùrùgwêy",
	"UZ": "Ùzbèkìstân",
	"VU": "Vànùatù",
	"VA": "Vàtìkâŋ",
	"VE": "Vènèzùelà",
	"VN": "Vìɛ̀dnâm",
	"WF": "Wàlîs nì Fùtunà",
	"EH": "Western Sahara",
	"YE": "Yèmɛ̂n",
	"JO": "Yɔ̀rdanià",
	"ZM": "Zàmbià",
	"ZW": "Zìmbàbwê"
}