{
	"AM": "ᎠᎵᎻᏂᎠ",
	"AL": "ᎠᎵᏇᏂᏯ",
	"DZ": "ᎠᎵᏥᎵᏯ",
	"AW": "ᎠᎷᏆ",
	"AS": "ᎠᎺᎵᎧ ᏌᎼᎠ",
	"GF": "ᎠᏂᎦᎸᏥ ᎩᎠ",
	"PF": "ᎠᏂᎦᎸᏥ ᏆᎵᏂᏏᎠ",
	"TF": "ᎠᏂᎦᎸᏥ ᏧᎦᎾᏮ ᎦᏙᎯ ᎤᎵᏍᏛᎢ",
	"AI": "ᎠᏂᎩᎳ",
	"AO": "ᎠᏂᎪᎳ",
	"PH": "ᎠᏂᏈᎵᎩᏃ",
	"MX": "ᎠᏂᏍᏆᏂ",
	"ES": "ᎠᏂᏍᏆᏂᏱ",
	"SZ": "ᎠᏂᏍᏩᏏᎢ",
	"AD": "ᎠᏂᏙᎳ",
	"TC": "ᎠᏂᏛᎵᎩ ᎠᎴ ᎨᎢᎪ ᏚᎦᏚᏛᎢ",
	"DE": "ᎠᏂᏛᏥ",
	"AT": "ᎠᏍᏟᏯ",
	"AZ": "ᎠᏎᏆᏣᏂ",
	"CK": "ᎠᏓᏍᏓᏴᎲᏍᎩ ᏚᎦᏚᏛᎢ",
	"VA": "ᎠᏥᎳᏁᏠ ᎦᏚᎲ",
	"AR": "ᎠᏥᏂᏘᏂᎠ",
	"AF": "ᎠᏫᎨᏂᏍᏖᏂ",
	"IE": "ᎠᏲᎳᏂ",
	"AU": "ᎡᎳᏗᏜ",
	"SV": "ᎡᎵᏌᎵᏆᏙᎵ",
	"ER": "ᎡᎵᏟᏯ",
	"EC": "ᎡᏆᏙᎵ",
	"GQ": "ᎡᏆᏙᎵᎠᎵ ᎩᎢᏂ",
	"EE": "ᎡᏍᏙᏂᏯ",
	"CV": "ᎢᎬᎾᏕᎾ ᎢᏤᏳᏍᏗ",
	"IQ": "ᎢᎳᎩ",
	"IR": "ᎢᎴᏂ",
	"ID": "ᎢᏂᏙᏂᏍᏯ",
	"IN": "ᎢᏅᏗᎾ",
	"IL": "ᎢᏏᎵᏱ",
	"IT": "ᎢᏔᎵ",
	"ET": "ᎢᏗᎣᏈᎠ",
	"NC": "ᎢᏤ ᎧᎵᏙᏂᎠᏂ",
	"NZ": "ᎢᏤ ᏏᎢᎴᏂᏗ",
	"GL": "ᎢᏤᏍᏛᏱ",
	"EG": "ᎢᏥᏈᎢ",
	"CI": "ᎢᏬᎵ ᎾᎿ ᎠᎹᏳᎶᏗ",
	"AX": "ᎣᎴᏅᏓ ᏚᎦᏚᏛᎢ",
	"OM": "ᎣᎺᏂ",
	"AC": "ᎤᎵᏌᎳᏓᏅ ᎤᎦᏚᏛᎢ",
	"UZ": "ᎤᏍᏇᎩᏍᏖᏂ",
	"IM": "ᎤᏍᏗ ᎤᎦᏚᏛᎢ ᎾᎿ ᎠᏍᎦᏯ",
	"KN": "ᎤᏓᏅᏘ ᎨᏘᏏ ᎠᎴ ᏁᏪᏏ",
	"SH": "ᎤᏓᏅᏘ ᎮᎵᎾ",
	"LC": "ᎤᏓᏅᏘ ᎷᏏᏯ",
	"SM": "ᎤᏓᏅᏘ ᎹᎵᎢᏃ",
	"BL": "ᎤᏓᏅᏘ ᏆᏕᎳᎻ",
	"PM": "ᎤᏓᏅᏘ ᏈᏰ ᎠᎴ ᎻᏇᎶᏂ",
	"MF": "ᎤᏓᏅᏘ ᏡᏡ",
	"VC": "ᎤᏓᏅᏘ ᏫᏂᏏᏂᏗ ᎠᎴ ᎾᏍᎩ ᏇᎾᏗᏁᏍ",
	"AG": "ᎤᏪᏘ & ᏆᏊᏓ",
	"GH": "ᎦᎠᎾ",
	"FR": "ᎦᎸᏥᏱ",
	"GM": "ᎦᎹᏈᎢᎠ",
	"CP": "ᎦᏂᏴᏔᏅᎣᏓᎸ ᎤᎦᏚᏛᎢ",
	"GA": "ᎦᏉᏂ",
	"GY": "ᎦᏯᎾ",
	"KI": "ᎧᎵᏆᏘ",
	"BQ": "ᎧᎵᏈᎢᏂᎯ ᎾᏍᎩᏁᏛᎳᏂ",
	"HR": "ᎧᎶᎡᏏᎠ",
	"CM": "ᎧᎹᎷᏂ",
	"KH": "ᎧᎹᏉᏗᎠᏂ",
	"CD": "ᎧᏂᎪ - ᎨᏂᏝᏌ",
	"CG": "ᎧᏂᎪ - ᏆᏌᏩᎵ",
	"KZ": "ᎧᏎᎧᏍᏕᏂ",
	"QA": "ᎧᏔᎵ",
	"KY": "ᎨᎢᎹᏂ ᏚᎦᏚᏛᎢ",
	"CA": "ᎨᎾᏓ",
	"KE": "ᎨᏂᏯ",
	"GN": "ᎩᎢᏂ",
	"GW": "ᎩᎢᏂ-ᏈᏌᎤᏫ",
	"GB": "ᎩᎵᏏᏲ",
	"KG": "ᎩᎵᏣᎢᏍ",
	"GR": "ᎪᎢᎯ",
	"CC": "ᎪᎪᏍ (ᎩᎵᏂ) ᏚᎦᏚᏛᎢ",
	"CO": "ᎪᎸᎻᏈᎢᎠ",
	"KM": "ᎪᎼᎳᏍ",
	"CR": "ᎪᏍᏓ ᎵᎧ",
	"XK": "ᎪᏐᏉ",
	"CW": "ᎫᎳᎨᎣ",
	"CU": "ᎫᏆ",
	"KW": "ᎫᏪᎢᏘ",
	"CF": "ᎬᎿᎨᏍᏛ ᎠᏰᏟ ᏍᎦᏚᎩ",
	"GG": "ᎬᏂᏏ",
	"TR": "ᎬᏃ",
	"HN": "ᎭᏂᏚᎳᏍ",
	"HT": "ᎮᎢᏘ",
	"HK": "ᎰᏂᎩ ᎪᏂᎩ ᎤᏓᏤᎵᏓ ᏧᏂᎸᏫᏍᏓᏁᏗ ᎢᎬᎾᏕᎾ ᏓᎶᏂᎨᏍᏛ",
	"HU": "ᎲᏂᎦᎵ",
	"HM": "ᎲᏗ ᎤᎦᏚᏛᎢ ᎠᎴ ᎺᎩᏓᎾᎵᏗ ᏚᎦᏚᏛᎢ",
	"LR": "ᎳᏈᎵᏯ",
	"LV": "ᎳᏘᏫᎠ",
	"LA": "ᎴᎣᏍ",
	"LB": "ᎴᏆᎾᏂ",
	"LS": "ᎴᏐᏙ",
	"RE": "ᎴᏳᏂᎠᏂ",
	"LI": "ᎵᎦᏗᏂᏍᏓᏂ",
	"LY": "ᎵᏈᏯ",
	"LT": "ᎵᏗᏪᏂᎠ",
	"RO": "ᎶᎹᏂᏯ",
	"RW": "ᎶᏩᏂᏓ",
	"LU": "ᎸᎧᏎᏋᎩ",
	"FM": "ᎹᎢᏉᏂᏏᏯ",
	"MO": "ᎹᎧᎣ (ᎤᏓᏤᎵᏓ ᏧᏂᎸᏫᏍᏓᏁᏗ ᎢᎬᎾᏕᎾ) ᏣᎢ",
	"MW": "ᎹᎳᏫ",
	"MY": "ᎹᎴᏏᎢᎠ",
	"ML": "ᎹᎵ",
	"MT": "ᎹᎵᏔ",
	"MV": "ᎹᎵᏗᏫᏍ",
	"MD": "ᎹᎵᏙᏫᎠ",
	"MC": "ᎹᎾᎪ",
	"MN": "ᎹᏂᎪᎵᎠ",
	"MS": "ᎹᏂᏘᏌᎳᏗ",
	"MH": "ᎹᏌᎵ ᏚᎦᏚᏛᎢ",
	"MK": "ᎹᏎᏙᏂᏯ",
	"MG": "ᎹᏓᎦᏍᎧᎵ",
	"MR": "ᎹᏘᎢᏯ",
	"MQ": "ᎹᏘᏂᎨ",
	"MM": "ᎹᏯᎹᎵ (ᏇᎵᎹ)",
	"YT": "ᎺᏯᏖ",
	"MU": "ᎼᎵᏏᎥᏍ",
	"MA": "ᎼᎶᎪ",
	"ME": "ᎼᏂᏔᏁᎦᎶ",
	"MZ": "ᎼᏎᎻᏇᎩ",
	"NE": "ᎾᎢᏨ",
	"NA": "ᎾᎻᏈᎢᏯ",
	"BS": "ᎾᏍᎩ ᏆᎭᎹᏍ",
	"NP": "ᏁᏆᎵ",
	"NL": "ᏁᏛᎳᏂ",
	"NI": "ᏂᎧᎳᏆ",
	"NG": "ᏂᏥᎵᏯ",
	"NU": "ᏂᏳ",
	"NR": "ᏃᎤᎷ",
	"NF": "ᏃᎵᏬᎵᎩ ᎤᎦᏚᏛᎢ",
	"NO": "ᏃᏪ",
	"PK": "ᏆᎩᏍᏖᏂ",
	"BH": "ᏆᎭᎴᎢᏂ",
	"PY": "ᏆᎳᏇᎢᏯ",
	"PW": "ᏆᎴᎠᏫ",
	"PS": "ᏆᎴᏍᏗᏂᎠᏂ ᏄᎬᏫᏳᏌᏕᎩ",
	"GU": "ᏆᎻ",
	"PA": "ᏆᎾᎹ",
	"BJ": "ᏆᏂᎢᏂ",
	"BD": "ᏆᏂᎦᎵᏕᏍ",
	"PG": "ᏆᏇ ᎢᏤ ᎩᎢᏂ",
	"BB": "ᏆᏇᏙᏍ",
	"BM": "ᏆᏊᏓ",
	"BR": "ᏆᏏᎵ",
	"BW": "ᏆᏣᏩᎾ",
	"PR": "ᏇᎡᏙ ᎵᎢᎪ",
	"BY": "ᏇᎳᎷᏍ",
	"BZ": "ᏇᎵᏍ",
	"BE": "ᏇᎵᏥᎥᎻ",
	"PE": "ᏇᎷ",
	"PN": "ᏈᎧᎵᏂ ᏚᎦᏚᏛᎢ",
	"VG": "ᏈᏗᏍ ᎠᏒᏂᎸ ᏂᎨᏒᎾ ᏚᎦᏚᏛᎢ",
	"IO": "ᏈᏗᏏ ᏴᏫᏯ ᎠᎺᏉ ᎢᎬᎾᏕᏅ",
	"PL": "ᏉᎳᏂ",
	"BO": "ᏉᎵᏫᎠ",
	"BA": "ᏉᏏᏂᎠ & ᎲᏤᎪᏫ",
	"PT": "ᏉᏥᎦᎳ",
	"BG": "ᏊᎵᎨᎵᎠ",
	"BN": "ᏊᎾᎢ",
	"BT": "ᏊᏔᏂ",
	"BV": "ᏊᏪ ᎤᎦᏚᏛᎢ",
	"BF": "ᏋᎩᎾ ᏩᏐ",
	"BI": "ᏋᎷᏂᏗ",
	"GD": "ᏋᎾᏓ",
	"CY": "ᏌᎢᏆᏍ",
	"ST": "ᏌᎣ ᏙᎺ ᎠᎴ ᏈᏂᏏᏇ",
	"SA": "ᏌᎤᏗ ᎡᎴᏈᎠ",
	"ZM": "ᏌᎻᏈᏯ",
	"WS": "ᏌᎼᎠ",
	"AE": "ᏌᏊ ᎢᏳᎾᎵᏍᏔᏅ ᎡᎳᏈ ᎢᎹᎵᏘᏏ",
	"US": "ᏌᏊ ᎢᏳᎾᎵᏍᏔᏅ ᏍᎦᏚᎩ",
	"LK": "ᏍᎵ ᎳᏂᎧ",
	"SK": "ᏍᎶᏩᎩᎠ",
	"SI": "ᏍᎶᏫᏂᎠ",
	"SJ": "ᏍᏩᎵᏆᎵᏗ ᎠᎴ ᏤᏂ ᎹᏰᏂ",
	"CH": "ᏍᏫᏍ",
	"SE": "ᏍᏫᏕᏂ",
	"SL": "ᏏᎡᎳ ᎴᎣᏂ",
	"SC": "ᏏᎡᏥᎵᏍ",
	"SY": "ᏏᎵᎠ",
	"ZW": "ᏏᎻᏆᏇ",
	"SN": "ᏏᏂᎦᎵ",
	"SG": "ᏏᏂᎦᏉᎵ",
	"SX": "ᏏᏂᏘ ᎹᏘᏂ",
	"SB": "ᏐᎶᎹᏂ ᏚᎦᏚᏛᎢ",
	"SO": "ᏐᎹᎵ",
	"EA": "ᏑᏔ ᎠᎴ ᎺᎵᏯ",
	"SD": "ᏑᏕᏂ",
	"SR": "ᏒᎵᎾᎻ",
	"RS": "ᏒᏈᏯ",
	"CN": "ᏓᎶᏂᎨᏍᏛ",
	"CX": "ᏓᏂᏍᏓᏲᎯᎲ ᎤᎦᏚᏛᎢ",
	"TW": "ᏔᎢᏩᏂ",
	"TO": "ᏔᏂᎪ",
	"TJ": "ᏔᏥᎩᏍᏕᏂ",
	"TH": "ᏔᏯᎴᏂ",
	"TZ": "ᏖᏂᏏᏂᏯ",
	"DK": "ᏗᏂᎹᎦ",
	"DG": "ᏗᏰᎪ ᎦᏏᏯ",
	"TL": "ᏘᎼᎵ-ᎴᏍᏖ",
	"TK": "ᏙᎨᎳᏭ",
	"TG": "ᏙᎪ",
	"DM": "ᏙᎻᏂᎧ",
	"DO": "ᏙᎻᏂᎧᏂ ᏍᎦᏚᎩ",
	"TN": "ᏚᏂᏏᏍᎠ",
	"TV": "ᏚᏩᎷ",
	"TM": "ᏛᎵᎩᎺᏂᏍᏔᏂ",
	"TT": "ᏟᏂᏕᏗ ᎠᎴ ᏙᏆᎪ",
	"TA": "ᏟᏍᏛᏂ Ꮣ ᎫᎾᎭ",
	"GE": "ᏣᎠᏥᎢ",
	"JM": "ᏣᎺᎢᎧ",
	"TD": "ᏣᏗ",
	"JP": "ᏣᏩᏂᏏ",
	"CZ": "ᏤᎩᎠ",
	"CL": "ᏥᎵ",
	"GI": "ᏥᏆᎵᏓ",
	"DJ": "ᏥᏊᏗ",
	"IC": "ᏥᏍᏆ ᏚᎦᏚᏛᎢ",
	"JO": "ᏦᏓᏂ",
	"ZA": "ᏧᎦᎾᏮ ᎬᎿᎨᏍᏛ",
	"SS": "ᏧᎦᎾᏮ ᏑᏕᏂ",
	"KR": "ᏧᎦᏃᏮ ᎪᎵᎠ",
	"GS": "ᏧᎦᏃᏮ ᏣᎠᏥᎢ ᎠᎴ ᎾᏍᎩ ᏧᎦᏃᏮ ᎠᏍᏛᎭᏟ ᏚᎦᏚᏛᎢ",
	"AQ": "ᏧᏁᏍᏓᎸ",
	"IS": "ᏧᏁᏍᏓᎸᎯ",
	"KP": "ᏧᏴᏢ ᎪᎵᎠ",
	"MP": "ᏧᏴᏢ ᏗᏜ ᎹᎵᎠᎾ ᏚᎦᏚᏛᎢ",
	"JE": "ᏨᎵᏏ",
	"FK": "ᏩᎩ ᏚᎦᏚᏛᎢ",
	"WF": "ᏩᎵᏍ ᎠᎴ ᏊᏚᎾ",
	"VU": "ᏩᏂᎤᏩᏚ",
	"GP": "ᏩᏓᎷᏇ",
	"GT": "ᏩᏔᎹᎳ",
	"FO": "ᏪᎶ ᏚᎦᏚᏛᎢ",
	"VE": "ᏪᏁᏑᏪᎳ",
	"VN": "ᏫᎡᏘᎾᎻ",
	"FI": "ᏫᏂᎦᏙᎯ",
	"FJ": "ᏫᏥ",
	"EH": "ᏭᏕᎵᎬ ᏗᏜ ᏌᎮᎳ",
	"YE": "ᏰᎺᏂ",
	"RU": "ᏲᏂᎢ",
	"UG": "ᏳᎦᏂᏓ",
	"UA": "ᏳᎧᎴᏂ",
	"UY": "ᏳᎷᏇ",
	"UM": "U.S. ᎠᏍᏛ ᏚᎦᏚᏛᎢ",
	"VI": "U.S. ᎠᏒᏂᎸ ᏂᎨᏒᎾ ᏚᎦᏚᏛᎢ"
}