{
	"SA": "Abari Saudi",
	"AF": "Afganistan",
	"AX": "Åland Islands",
	"AL": "Albani",
	"DE": "Almaañ",
	"DZ": "Alseri",
	"AD": "Andorra",
	"AI": "Angiiya",
	"AO": "Angola",
	"AQ": "Antarctica",
	"AG": "Antigua di Barbuda",
	"AM": "Armeni",
	"AR": "Arsantin",
	"AW": "Aruba",
	"AC": "Ascension Island",
	"AZ": "Aserbaysan",
	"HT": "Ayti",
	"BS": "Bahama",
	"BH": "Bahrayn",
	"BD": "Banglades",
	"BB": "Barbad",
	"BY": "Belarus",
	"BZ": "Beliis",
	"BE": "Belsik",
	"BJ": "Bene",
	"BM": "Bermud",
	"BO": "Boliivi",
	"BA": "Bosni di Hersegovin",
	"BW": "Boswana",
	"BV": "Bouvet Island",
	"BR": "Bresil",
	"IO": "British Indian Ocean Territory",
	"VG": "British Virgin Islands",
	"BG": "Bulgari",
	"BF": "Burukiina Faso",
	"BI": "Burundi",
	"BN": "Buruney",
	"BT": "Butan",
	"TD": "Cad",
	"IC": "Canary Islands",
	"BQ": "Caribbean Netherlands",
	"KY": "Cayman Islands",
	"CF": "Central African Republic",
	"EA": "Ceuta & Melilla",
	"CX": "Christmas Island",
	"CL": "Cili",
	"CP": "Clipperton Island",
	"CC": "Cocos (Keeling) Islands",
	"CK": "Cook Islands",
	"CW": "Curaçao",
	"DK": "Danmark",
	"DG": "Diego Garcia",
	"DM": "Dominika",
	"NF": "Ecinkey yati Noorfok",
	"ET": "Ecoopi",
	"EC": "Ekuador",
	"IN": "End",
	"ID": "Endonesi",
	"GQ": "Equatorial Guinea",
	"ER": "Eritree",
	"EG": "Esípt",
	"ES": "Espaañ",
	"EE": "Estoni",
	"FK": "Falkland Islands",
	"FO": "Faroe Islands",
	"FJ": "Fiji",
	"FI": "Finland",
	"FR": "Frans",
	"GF": "French Guiana",
	"PF": "French Polynesia",
	"TF": "French Southern Territories",
	"GH": "Gaana",
	"GA": "Gabon",
	"GM": "Gambi",
	"GN": "Giné",
	"GW": "Giné Bisaau",
	"GY": "Giyan",
	"GL": "Greenland",
	"GD": "Grenada",
	"GR": "Gres",
	"GU": "Guam",
	"GT": "Guatemala",
	"GG": "Guernsey",
	"GP": "Guwadalup",
	"HM": "Heard & McDonald Islands",
	"HK": "Hong Kong SAR China",
	"IS": "Iisland",
	"IQ": "Irak",
	"IR": "Iran",
	"IE": "Irland",
	"IM": "Isle of Man",
	"IL": "Israel",
	"IT": "Itali",
	"JE": "Jersey",
	"DJ": "Jibuti",
	"JO": "Jordan",
	"KH": "Kamboj",
	"CM": "Kamerun",
	"CA": "Kanada",
	"CV": "Kap Ver",
	"KZ": "Kazakhstan",
	"KE": "Keniya",
	"KI": "Kiribati",
	"CI": "Koddiwar",
	"CO": "Kolombi",
	"KM": "Komor",
	"CG": "Kongo",
	"XK": "Kosovo",
	"CR": "Kosta Rika",
	"HR": "Kroasi",
	"CU": "Kuba",
	"KW": "Kuwait",
	"KG": "Kyrgyzstan",
	"LA": "Laos",
	"LV": "Latvia",
	"LB": "Lebanon",
	"LS": "Lesotho",
	"LR": "Liberia",
	"LY": "Libya",
	"LI": "Liechtenstein",
	"LT": "Lithuania",
	"LU": "Luxembourg",
	"MO": "Macau SAR China",
	"MK": "Macedonia",
	"MG": "Madagaskaar",
	"MW": "Malawi",
	"MY": "Malaysia",
	"MV": "Maldives",
	"ML": "Mali",
	"MT": "Malta",
	"MH": "Marshall Islands",
	"MQ": "Martinique",
	"MR": "Mauritania",
	"MU": "Mauritius",
	"YT": "Mayotte",
	"MX": "Mexico",
	"FM": "Micronesia",
	"CD": "Mofam demokratik mati Kongo",
	"CZ": "Mofam mati Cek",
	"DO": "Mofam mati Dominik",
	"MD": "Moldova",
	"MC": "Monaco",
	"MN": "Mongolia",
	"ME": "Montenegro",
	"MS": "Montserrat",
	"MA": "Morocco",
	"MZ": "Mozambique",
	"MM": "Myanmar (Burma)",
	"NA": "Namibia",
	"NR": "Nauru",
	"NP": "Nepal",
	"NL": "Netherlands",
	"NC": "New Caledonia",
	"NZ": "New Zealand",
	"NI": "Nicaragua",
	"NE": "Niger",
	"NG": "Nigeria",
	"NU": "Niue",
	"KP": "North Korea",
	"MP": "Northern Mariana Islands",
	"NO": "Norway",
	"OM": "Oman",
	"HN": "Onduras",
	"HU": "Oŋri",
	"AU": "Ostraalia",
	"AT": "Otris",
	"PK": "Pakistan",
	"PW": "Palau",
	"PS": "Palestinian Territories",
	"PA": "Panama",
	"PG": "Papua New Guinea",
	"PY": "Paraguay",
	"PE": "Peru",
	"PH": "Philippines",
	"PN": "Pitcairn Islands",
	"PL": "Poland",
	"PT": "Portugal",
	"PR": "Puerto Rico",
	"QA": "Qatar",
	"RE": "Réunion",
	"RO": "Romania",
	"RU": "Russia",
	"RW": "Rwanda",
	"SV": "Salvadoor",
	"JM": "Samaik",
	"WS": "Samoa",
	"AS": "Samoa yati Amerik",
	"SM": "San Marino",
	"LC": "Saŋ Lusia",
	"ST": "São Tomé & Príncipe",
	"JP": "Sapoŋ",
	"SN": "Senegal",
	"GE": "Seorsi",
	"RS": "Serbia",
	"SL": "Serra Leon",
	"SC": "Seychelles",
	"CN": "Siin",
	"CY": "Siipr",
	"SG": "Singapur",
	"SX": "Sint Maarten",
	"GI": "Sipraltaar",
	"LK": "Siri Lanka",
	"SK": "Slovaki",
	"SI": "Sloveni",
	"SB": "Solomon Islands",
	"SO": "Somali",
	"ZA": "South Africa",
	"GS": "South Georgia & South Sandwich Islands",
	"KR": "South Korea",
	"SS": "South Sudan",
	"BL": "St. Barthélemy",
	"SH": "St. Helena",
	"KN": "St. Kitts & Nevis",
	"MF": "St. Martin",
	"PM": "St. Pierre & Miquelon",
	"VC": "St. Vincent & Grenadines",
	"SD": "Sudan",
	"SR": "Suriname",
	"SJ": "Svalbard & Jan Mayen",
	"SZ": "Swaziland",
	"SE": "Sweden",
	"CH": "Switzerland",
	"SY": "Syria",
	"TH": "Tailand",
	"TW": "Taiwan",
	"TJ": "Tajikistan",
	"TZ": "Tanzania",
	"TL": "Timor-Leste",
	"TG": "Togo",
	"TK": "Tokelau",
	"TO": "Tonga",
	"TT": "Trinidad & Tobago",
	"TA": "Tristan da Cunha",
	"TN": "Tunisia",
	"TR": "Turkey",
	"TM": "Turkmenistan",
	"TC": "Turks & Caicos Islands",
	"TV": "Tuvalu",
	"UM": "U.S. Outlying Islands",
	"VI": "U.S. Virgin Islands",
	"UG": "Uganda",
	"UA": "Ukraine",
	"AE": "United Arab Emirates",
	"GB": "United Kingdom",
	"US": "United States",
	"UY": "Uruguay",
	"UZ": "Uzbekistan",
	"VU": "Vanuatu",
	"VA": "Vatican City",
	"VE": "Venezuela",
	"VN": "Vietnam",
	"WF": "Wallis & Futuna",
	"EH": "Western Sahara",
	"YE": "Yemen",
	"ZM": "Zambia",
	"ZW": "Zimbabwe"
}