{
	"AF": "Afghanistan",
	"AR": "Ajɛntîn",
	"AX": "Åland Islands",
	"AL": "Albania",
	"DZ": "Aljɛlî",
	"AS": "American Samoa",
	"IN": "Ándɛ",
	"AD": "Andorra",
	"AI": "Anguilla",
	"AQ": "Antarctica",
	"AG": "Antigua & Barbuda",
	"AO": "Aŋgɔ́la",
	"AM": "Armenia",
	"AW": "Aruba",
	"AC": "Ascension Island",
	"AU": "Australia",
	"AT": "Austria",
	"AZ": "Azerbaijan",
	"BS": "Bahamas",
	"BH": "Bahrain",
	"BD": "Bangladesh",
	"BB": "Barbados",
	"BY": "Belarus",
	"BE": "Belgium",
	"BZ": "Belize",
	"BM": "Bermuda",
	"BT": "Bhutan",
	"BA": "Bosnia & Herzegovina",
	"BV": "Bouvet Island",
	"IO": "British Indian Ocean Territory",
	"VG": "British Virgin Islands",
	"BN": "Brunei",
	"BG": "Bulgaria",
	"KH": "Cambodia",
	"IC": "Canary Islands",
	"CV": "Cape Verde",
	"BQ": "Caribbean Netherlands",
	"TD": "Cât",
	"KY": "Cayman Islands",
	"CF": "Central African Republic",
	"EA": "Ceuta & Melilla",
	"CX": "Christmas Island",
	"CL": "Cíllɛ",
	"CP": "Clipperton Island",
	"CC": "Cocos (Keeling) Islands",
	"CK": "Cook Islands",
	"CR": "Costa Rica",
	"HR": "Croatia",
	"CW": "Curaçao",
	"CY": "Cyprus",
	"CZ": "Czechia",
	"DK": "Denmark",
	"DG": "Diego Garcia",
	"DM": "Dominica",
	"DO": "Dominican Republic",
	"SV": "El Salvador",
	"EE": "Estonia",
	"EG": "Ɛjíptɛ",
	"EC": "Ɛkwandɔ̂",
	"ER": "Ɛlitɛlɛ́ya",
	"ES": "Ɛspániya",
	"ET": "Ɛtiyɔpî",
	"FK": "Falkland Islands",
	"FO": "Faroe Islands",
	"FR": "Fɛlánci",
	"FJ": "Fiji",
	"FI": "Finland",
	"GF": "French Guiana",
	"PF": "French Polynesia",
	"TF": "French Southern Territories",
	"GE": "Georgia",
	"GI": "Gibraltar",
	"GL": "Greenland",
	"GD": "Grenada",
	"GP": "Guadeloupe",
	"GU": "Guam",
	"GT": "Guatemala",
	"GG": "Guernsey",
	"GY": "Guyana",
	"HT": "Haiti",
	"HM": "Heard & McDonald Islands",
	"HN": "Honduras",
	"HK": "Hong Kong SAR China",
	"HU": "Hungary",
	"IS": "Iceland",
	"IQ": "Ilâk",
	"ID": "Indonesia",
	"IR": "Iran",
	"IE": "Ireland",
	"IL": "Islayɛ̂l",
	"IM": "Isle of Man",
	"IT": "Italî",
	"JM": "Jamaica",
	"JP": "Japɔ̂n",
	"JE": "Jersey",
	"JO": "Jordan",
	"CM": "Kamɛlûn",
	"CA": "Kanadâ",
	"KZ": "Kazakhstan",
	"KE": "Kɛ́nya",
	"KI": "Kiribati",
	"XK": "Kosovo",
	"CO": "Kɔllɔmbî",
	"KM": "Kɔmɔ́lɔshi",
	"CD": "Kɔ́ŋgɔ-Kinshása",
	"CG": "Kɔ́ŋgɔ-Mbɛlazavîl",
	"CI": "Kɔ́t Ndivwâ",
	"CU": "Kúba",
	"KW": "Kuwait",
	"KG": "Kyrgyzstan",
	"LA": "Laos",
	"LV": "Latvia",
	"LB": "Lebanon",
	"LS": "Lɛsɔ́tɔ",
	"RE": "Lɛ́uniyɔ̂n",
	"LR": "Libɛrî",
	"LY": "Libî",
	"LI": "Liechtenstein",
	"LT": "Lithuania",
	"RU": "Lusî",
	"RW": "Luwánda",
	"LU": "Luxembourg",
	"MO": "Macau SAR China",
	"MK": "Macedonia",
	"MW": "Maláwi",
	"MY": "Malaysia",
	"MV": "Maldives",
	"ML": "Malî",
	"MT": "Malta",
	"MG": "Mándaŋgasɛkâ",
	"MH": "Marshall Islands",
	"MQ": "Martinique",
	"MU": "Mauritius",
	"YT": "Mayɔ̂t",
	"BR": "Mbɛlazîl",
	"BJ": "Mbɛnɛ̂ŋ",
	"BO": "Mbɔlivî",
	"BW": "Mbɔtswána",
	"BF": "Mbulukína Fásɔ",
	"BI": "Mbulundí",
	"MX": "Mɛksîk",
	"FM": "Micronesia",
	"MD": "Moldova",
	"MC": "Monaco",
	"MN": "Mongolia",
	"ME": "Montenegro",
	"MS": "Montserrat",
	"MR": "Mɔlitanî",
	"MA": "Mɔlɔ̂k",
	"MZ": "Mɔzambîk",
	"MM": "Myanmar (Burma)",
	"NA": "Namimbî",
	"NR": "Nauru",
	"NP": "Nepal",
	"NL": "Netherlands",
	"NC": "New Caledonia",
	"NZ": "New Zealand",
	"NI": "Nicaragua",
	"NE": "Nijɛ̂",
	"NG": "Ninjɛliyâ",
	"NU": "Niue",
	"DE": "Njáman",
	"DJ": "Njimbúti",
	"NF": "Norfolk Island",
	"KP": "North Korea",
	"MP": "Northern Mariana Islands",
	"NO": "Nɔlɛvɛ́jɛ",
	"GA": "Ŋgabɔ̂ŋ",
	"GM": "Ŋgambî",
	"GH": "Ŋgána",
	"GR": "Ŋgɛlɛ̂k",
	"GN": "Ŋginɛ̂",
	"GQ": "Ŋginɛ̂ Ɛkwatɔliyâl",
	"GW": "Ŋginɛ̂ Mbisáwu",
	"OM": "Oman",
	"PK": "Pakistan",
	"PW": "Palau",
	"PS": "Palestinian Territories",
	"PA": "Panama",
	"PG": "Papua New Guinea",
	"PY": "Paraguay",
	"PE": "Pɛlû",
	"SC": "Pɛsɛ́shɛl",
	"PH": "Philippines",
	"PN": "Pitcairn Islands",
	"PL": "Poland",
	"PT": "Portugal",
	"PR": "Puerto Rico",
	"QA": "Qatar",
	"RO": "Romania",
	"WS": "Samoa",
	"SM": "San Marino",
	"SA": "Saudi Arabia",
	"ST": "Sáwɔŋ Tɔmɛ́ nɛ́ Pɛlínsipɛ",
	"RS": "Sɛlɛbî",
	"SN": "Sɛnɛgâl",
	"CN": "Shîn",
	"SG": "Singapore",
	"SX": "Sint Maarten",
	"SL": "Siyɛ́la Lɛɔ̂n",
	"SK": "Slovakia",
	"SI": "Slovenia",
	"SB": "Solomon Islands",
	"ZA": "South Africa",
	"GS": "South Georgia & South Sandwich Islands",
	"KR": "South Korea",
	"SS": "South Sudan",
	"SO": "Sɔmalî",
	"LK": "Sri Lanka",
	"BL": "St. Barthélemy",
	"SH": "St. Helena",
	"KN": "St. Kitts & Nevis",
	"LC": "St. Lucia",
	"MF": "St. Martin",
	"PM": "St. Pierre & Miquelon",
	"VC": "St. Vincent & Grenadines",
	"SD": "Sundân",
	"SR": "Suriname",
	"SJ": "Svalbard & Jan Mayen",
	"SZ": "Swazilân",
	"SE": "Sweden",
	"CH": "Sẅísɛ",
	"SY": "Syria",
	"TW": "Taiwan",
	"TJ": "Tajikistan",
	"TZ": "Tanzanî",
	"TH": "Thailand",
	"TL": "Timor-Leste",
	"TK": "Tokelau",
	"TO": "Tonga",
	"TG": "Tɔ́ŋgɔ",
	"TT": "Trinidad & Tobago",
	"TA": "Tristan da Cunha",
	"TN": "Tunizî",
	"TR": "Turkey",
	"TM": "Turkmenistan",
	"TC": "Turks & Caicos Islands",
	"TV": "Tuvalu",
	"UM": "U.S. Outlying Islands",
	"VI": "U.S. Virgin Islands",
	"UA": "Ukraine",
	"AE": "United Arab Emirates",
	"GB": "United Kingdom",
	"US": "United States",
	"UG": "Uŋgánda",
	"UY": "Uruguay",
	"UZ": "Uzbekistan",
	"VU": "Vanuatu",
	"VA": "Vatican City",
	"VE": "Vɛnɛzwɛ́la",
	"VN": "Vietnam",
	"WF": "Wallis & Futuna",
	"EH": "Western Sahara",
	"YE": "Yemen",
	"ZM": "Zambî",
	"ZW": "Zimbámbwɛ"
}