{
	"ZA": "Afrika Kusini",
	"AF": "Afuganistani",
	"IS": "Aislandi",
	"AR": "Ajentina",
	"AX": "Åland Islands",
	"AL": "Albania",
	"DZ": "Aljeria",
	"AD": "Andora",
	"AO": "Angola",
	"AI": "Anguilla",
	"AQ": "Antarctica",
	"AG": "Antigua na Barbuda",
	"AM": "Armenia",
	"AW": "Aruba",
	"AC": "Ascension Island",
	"AU": "Australia",
	"AT": "Austria",
	"IE": "Ayalandi",
	"AZ": "Azabajani",
	"BB": "Babadosi",
	"BS": "Bahama",
	"BH": "Bahareni",
	"BD": "Bangladeshi",
	"BY": "Belarusi",
	"BZ": "Belize",
	"BJ": "Benini",
	"BM": "Bermuda",
	"BO": "Bolivia",
	"BA": "Bosnia na Hezegovina",
	"BW": "Botswana",
	"BV": "Bouvet Island",
	"BR": "Brazili",
	"BN": "Brunei",
	"BF": "Bukinafaso",
	"MG": "Bukini",
	"BG": "Bulgaria",
	"BT": "Butani",
	"IC": "Canary Islands",
	"BQ": "Caribbean Netherlands",
	"EA": "Ceuta & Melilla",
	"TD": "Chadi",
	"CL": "Chile",
	"CX": "Christmas Island",
	"CP": "Clipperton Island",
	"CC": "Cocos (Keeling) Islands",
	"CW": "Curaçao",
	"DK": "Denmaki",
	"DG": "Diego Garcia",
	"DM": "Dominika",
	"EC": "Ekwado",
	"SV": "Elsavado",
	"IO": "Eneo la Uingereza katika Bahari Hindi",
	"ER": "Eritrea",
	"EE": "Estonia",
	"AE": "Falme za Kiarabu",
	"FO": "Faroe Islands",
	"FJ": "Fiji",
	"PH": "Filipino",
	"TF": "French Southern Territories",
	"GA": "Gaboni",
	"GM": "Gambia",
	"GH": "Ghana",
	"GN": "Gine",
	"GW": "Ginebisau",
	"GQ": "Ginekweta",
	"GD": "Grenada",
	"GL": "Grinlandi",
	"GG": "Guernsey",
	"GY": "Guyana",
	"GP": "Gwadelupe",
	"GU": "Gwam",
	"GT": "Gwatemala",
	"GF": "Gwiyana ya Ufaransa",
	"HT": "Haiti",
	"HM": "Heard & McDonald Islands",
	"ES": "Hispania",
	"HN": "Hondurasi",
	"HK": "Hong Kong SAR China",
	"HU": "Hungaria",
	"IN": "India",
	"ID": "Indonesia",
	"IQ": "Iraki",
	"CK": "Isiwa sya Cook",
	"KY": "Isiwa sya Kayman",
	"SB": "Isiwa sya Solomon",
	"IM": "Isle of Man",
	"IL": "Israeli",
	"IT": "Italia",
	"JM": "Jamaika",
	"CF": "Jamhuri ya Afrika ya Kati",
	"CZ": "Jamhuri ya Cheki",
	"DO": "Jamhuri ya Dominika",
	"CD": "Jamhuri ya Kidemokrasia ya Kongo",
	"JP": "Japani",
	"JE": "Jersey",
	"GI": "Jibralta",
	"DJ": "Jibuti",
	"GE": "Jojia",
	"KH": "Kambodia",
	"CM": "Kameluni",
	"CA": "Kananda",
	"QA": "Katari",
	"KZ": "Kazakistani",
	"KE": "Kenya",
	"CV": "Kepuvede",
	"KI": "Kiribati",
	"KG": "Kirigizistani",
	"NF": "Kisiwa cha Norfok",
	"CI": "Kodivaa",
	"CO": "Kolombia",
	"KM": "Komoro",
	"CG": "Kongo",
	"HR": "Korasia",
	"KP": "Korea Kaskazini",
	"KR": "Korea Kusini",
	"XK": "Kosovo",
	"CR": "Kostarika",
	"CU": "Kuba",
	"CY": "Kuprosi",
	"KW": "Kuwaiti",
	"CN": "Kyaina",
	"LA": "Laosi",
	"LU": "Lasembagi",
	"LV": "Lativia",
	"LB": "Lebanoni",
	"LS": "Lesoto",
	"LR": "Liberia",
	"LY": "Libya",
	"LI": "Lishenteni",
	"LT": "Litwania",
	"RW": "Lwanda",
	"MO": "Macau SAR China",
	"MW": "Malawi",
	"MY": "Malesia",
	"ML": "Mali",
	"MT": "Malta",
	"US": "Marekani",
	"MQ": "Martiniki",
	"MK": "Masedonia",
	"YT": "Mayotte",
	"BI": "Mbulundi",
	"MX": "Meksiko",
	"FM": "Mikronesia",
	"EG": "Misili",
	"MV": "Modivu",
	"MD": "Moldova",
	"MC": "Monako",
	"MN": "Mongolia",
	"ME": "Montenegro",
	"MS": "Montserrati",
	"MU": "Morisi",
	"MR": "Moritania",
	"MA": "Moroko",
	"MZ": "Msumbiji",
	"MM": "Myama",
	"NA": "Namibia",
	"NR": "Nauru",
	"NP": "Nepali",
	"NE": "Nijeri",
	"NG": "Nijeria",
	"NI": "Nikaragwa",
	"NU": "Niue",
	"NO": "Norwe",
	"NC": "Nyukaledonia",
	"NZ": "Nyuzilandi",
	"ZM": "Nzambia",
	"ZW": "Nzimbambwe",
	"OM": "Omani",
	"PK": "Pakistani",
	"PW": "Palau",
	"PA": "Panama",
	"PG": "Papua",
	"PY": "Paragwai",
	"PE": "Peru",
	"PN": "Pitkairni",
	"PL": "Polandi",
	"PF": "Polinesia ya Ufaransa",
	"PR": "Pwetoriko",
	"RE": "Riyunioni",
	"RO": "Romania",
	"SM": "Samarino",
	"WS": "Samoa",
	"AS": "Samoa ya Marekani",
	"SH": "Santahelena",
	"KN": "Santakitzi na Nevis",
	"LC": "Santalusia",
	"PM": "Santapieri na Mikeloni",
	"VC": "Santavisenti na Grenadini",
	"ST": "Sao Tome na Principe",
	"SA": "Saudi",
	"SN": "Senegali",
	"RS": "Serbia",
	"SC": "Shelisheli",
	"SL": "Siera Leoni",
	"SG": "Singapoo",
	"SX": "Sint Maarten",
	"SY": "Siria",
	"LK": "Sirilanka",
	"SK": "Slovakia",
	"SI": "Slovenia",
	"SO": "Somalia",
	"GS": "South Georgia & South Sandwich Islands",
	"SS": "South Sudan",
	"BL": "St. Barthélemy",
	"MF": "St. Martin",
	"SD": "Sudani",
	"SR": "Surinamu",
	"SJ": "Svalbard & Jan Mayen",
	"TH": "Tailandi",
	"TW": "Taiwani",
	"TJ": "Tajikistani",
	"TZ": "Tanzania",
	"TL": "Timori ya Mashariki",
	"TG": "Togo",
	"TK": "Tokelau",
	"TO": "Tonga",
	"TT": "Trinidad na Tobago",
	"TA": "Tristan da Cunha",
	"TN": "Tunisia",
	"TM": "Turukimenistani",
	"TV": "Tuvalu",
	"UM": "U.S. Outlying Islands",
	"IR": "Uajemi",
	"BE": "Ubelgiji",
	"FI": "Ufini",
	"GR": "Ugiriki",
	"ET": "Uhabeshi",
	"NL": "Uholanzi",
	"GB": "Uingereza",
	"DE": "Ujerumani",
	"UG": "Ukanda",
	"PS": "Ukingo wa Magharibi na Ukanda wa Gaza wa Palestina",
	"UA": "Ukraini",
	"PT": "Ureno",
	"UY": "Urugwai",
	"RU": "Urusi",
	"SZ": "Uswazi",
	"SE": "Uswidi",
	"CH": "Uswisi",
	"TR": "Uturuki",
	"FR": "Uvalanza",
	"UZ": "Uzibekistani",
	"VU": "Vanuatu",
	"VA": "Vatikani",
	"VE": "Venezuela",
	"VN": "Vietinamu",
	"FK": "Visiwa vya Falkland",
	"MP": "Visiwa vya Mariana vya Kaskazini",
	"MH": "Visiwa vya Marshal",
	"TC": "Visiwa vya Turki na Kaiko",
	"VI": "Visiwa vya Virgin vya Marekani",
	"VG": "Visiwa vya Virgin vya Uingereza",
	"WF": "Walis na Futuna",
	"EH": "Western Sahara",
	"YE": "Yemeni",
	"JO": "Yordani"
}