{
	"ZA": "Aflika Kusini",
	"AF": "Afuganistani",
	"IS": "Aislandi",
	"AR": "Ajentina",
	"AX": "Åland Islands",
	"AL": "Albania",
	"DZ": "Aljelia",
	"AM": "Almenia",
	"AW": "Aluba",
	"AD": "Andola",
	"AO": "Angola",
	"AI": "Anguilla",
	"AQ": "Antarctica",
	"AG": "Antigua na Balbuda",
	"AC": "Ascension Island",
	"AU": "Austlalia",
	"AT": "Austlia",
	"IE": "Ayalandi",
	"AZ": "Azabajani",
	"BB": "Babadosi",
	"BH": "Bahaleni",
	"BS": "Bahama",
	"BD": "Bangladeshi",
	"BY": "Belalusi",
	"BE": "Belgium",
	"BZ": "Belize",
	"BM": "Belmuda",
	"BJ": "Benini",
	"BR": "Blazili",
	"BN": "Blunei",
	"BO": "Bolivia",
	"BA": "Bosnia na Hezegovina",
	"BW": "Botswana",
	"BV": "Bouvet Island",
	"BF": "Bukinafaso",
	"MG": "Bukini",
	"BG": "Bulgalia",
	"BI": "Bulundi",
	"BT": "Butani",
	"IC": "Canary Islands",
	"BQ": "Caribbean Netherlands",
	"EA": "Ceuta & Melilla",
	"TD": "Chadi",
	"CL": "Chile",
	"CN": "China",
	"CX": "Christmas Island",
	"CP": "Clipperton Island",
	"CC": "Cocos (Keeling) Islands",
	"CW": "Curaçao",
	"DK": "Denmaki",
	"DG": "Diego Garcia",
	"DM": "Dominika",
	"EC": "Ekwado",
	"ER": "Elitlea",
	"SV": "Elsavado",
	"IO": "Eneo ja Uingeeza mwe Bahali Hindi",
	"EE": "Estonia",
	"AE": "Falme za Kialabu",
	"FO": "Faroe Islands",
	"FJ": "Fiji",
	"PH": "Filipino",
	"TF": "French Southern Territories",
	"GA": "Gaboni",
	"GM": "Gambia",
	"GH": "Ghana",
	"GN": "Gine",
	"GW": "Ginebisau",
	"GQ": "Ginekweta",
	"GD": "Glenada",
	"GL": "Glinlandi",
	"GG": "Guernsey",
	"GY": "Guyana",
	"GP": "Gwadelupe",
	"GU": "Gwam",
	"GT": "Gwatemala",
	"GF": "Gwiyana ya Ufalansa",
	"HT": "Haiti",
	"HM": "Heard & McDonald Islands",
	"ES": "Hispania",
	"HN": "Honduasi",
	"HK": "Hong Kong SAR China",
	"HU": "Hungalia",
	"IQ": "Ilaki",
	"IN": "India",
	"ID": "Indonesia",
	"IL": "Islaeli",
	"IM": "Isle of Man",
	"IT": "Italia",
	"JM": "Jamaika",
	"CF": "Jamhuli ya Afrika ya Gati",
	"CZ": "Jamhuli ya Cheki",
	"DO": "Jamhuli ya Dominika",
	"CD": "Jamhuli ya Kidemoklasia ya Kongo",
	"JP": "Japani",
	"JE": "Jersey",
	"GI": "Jiblalta",
	"DJ": "Jibuti",
	"GE": "Jojia",
	"KH": "Kambodia",
	"CM": "Kameluni",
	"CA": "Kanada",
	"QA": "Katali",
	"KZ": "Kazakistani",
	"KE": "Kenya",
	"CV": "Kepuvede",
	"KI": "Kiibati",
	"KG": "Kiigizistani",
	"NF": "Kisiwa cha Nolfok",
	"CI": "Kodivaa",
	"HR": "Kolasia",
	"KP": "Kolea Kaskazini",
	"KR": "Kolea Kusini",
	"CO": "Kolombia",
	"KM": "Komolo",
	"CG": "Kongo",
	"XK": "Kosovo",
	"CR": "Kostalika",
	"CU": "Kuba",
	"CY": "Kuplosi",
	"KW": "Kuwaiti",
	"LA": "Laosi",
	"LU": "Lasembagi",
	"LV": "Lativia",
	"LB": "Lebanoni",
	"LS": "Lesoto",
	"LR": "Libelia",
	"LY": "Libya",
	"LI": "Lishenteni",
	"LT": "Litwania",
	"RE": "Liyunioni",
	"RO": "Lomania",
	"RW": "Lwanda",
	"MO": "Macau SAR China",
	"MW": "Malawi",
	"US": "Malekani",
	"MY": "Malesia",
	"ML": "Mali",
	"MT": "Malta",
	"MQ": "Maltiniki",
	"MK": "Masedonia",
	"MR": "Maulitania",
	"YT": "Mayotte",
	"MX": "Meksiko",
	"FM": "Miklonesia",
	"EG": "Misli",
	"MV": "Modivu",
	"MD": "Moldova",
	"MU": "Molisi",
	"MA": "Moloko",
	"MC": "Monako",
	"MN": "Mongolia",
	"ME": "Montenegro",
	"MS": "Montselati",
	"MZ": "Msumbiji",
	"MM": "Myama",
	"NE": "Naija",
	"NG": "Naijelia",
	"NA": "Namibia",
	"NR": "Naulu",
	"NP": "Nepali",
	"NI": "Nikalagwa",
	"NU": "Niue",
	"NO": "Nolwei",
	"NC": "Nyukaledonia",
	"NZ": "Nyuzilandi",
	"OM": "Omani",
	"PK": "Pakistani",
	"PY": "Palagwai",
	"PW": "Palau",
	"PA": "Panama",
	"PG": "Papua",
	"PE": "Pelu",
	"PN": "Pitkailni",
	"PL": "Polandi",
	"PF": "Polinesia ya Ufalansa",
	"PR": "Pwetoliko",
	"SM": "Samalino",
	"WS": "Samoa",
	"AS": "Samoa ya Malekani",
	"SH": "Santahelena",
	"KN": "Santakitzi na Nevis",
	"LC": "Santalusia",
	"PM": "Santapieli na Mikeloni",
	"VC": "Santavisenti na Glenadini",
	"ST": "Sao Tome na Plincipe",
	"SA": "Saudi",
	"SN": "Senegali",
	"RS": "Serbia",
	"SC": "Shelisheli",
	"SL": "Siela Leoni",
	"SY": "Silia",
	"LK": "Sililanka",
	"SG": "Singapoo",
	"SX": "Sint Maarten",
	"SK": "Slovakia",
	"SI": "Slovenia",
	"SO": "Somalia",
	"GS": "South Georgia & South Sandwich Islands",
	"SS": "South Sudan",
	"BL": "St. Barthélemy",
	"MF": "St. Martin",
	"SD": "Sudani",
	"SR": "Sulinamu",
	"SJ": "Svalbard & Jan Mayen",
	"TH": "Tailandi",
	"TW": "Taiwani",
	"TJ": "Tajikistani",
	"TZ": "Tanzania",
	"TL": "Timoli ya Mashaliki",
	"TT": "Tlinidad na Tobago",
	"TG": "Togo",
	"TK": "Tokelau",
	"TO": "Tonga",
	"TA": "Tristan da Cunha",
	"TM": "Tulukimenistani",
	"TN": "Tunisia",
	"TV": "Tuvalu",
	"UM": "U.S. Outlying Islands",
	"IR": "Uajemi",
	"FR": "Ufalansa",
	"FI": "Ufini",
	"UG": "Uganda",
	"GR": "Ugiiki",
	"ET": "Uhabeshi",
	"NL": "Uholanzi",
	"GB": "Uingeeza",
	"DE": "Ujeumani",
	"PS": "Ukingo wa Maghalibi na Ukanda wa Gaza wa Palestina",
	"UA": "Uklaini",
	"PT": "Uleno",
	"UY": "Ulugwai",
	"RU": "Ulusi",
	"SZ": "Uswazi",
	"SE": "Uswidi",
	"CH": "Uswisi",
	"TR": "Utuluki",
	"UZ": "Uzibekistani",
	"VU": "Vanuatu",
	"VA": "Vatikani",
	"VE": "Venezuela",
	"VN": "Vietinamu",
	"CK": "Visiwa vya Cook",
	"FK": "Visiwa vya Falkland",
	"KY": "Visiwa vya Kayman",
	"MP": "Visiwa vya Maliana vya Kaskazini",
	"MH": "Visiwa vya Mashal",
	"SB": "Visiwa vya Solomon",
	"TC": "Visiwa vya Tulki na Kaiko",
	"VI": "Visiwa vya Vilgin vya Malekani",
	"VG": "Visiwa vya Vilgin vya Uingeeza",
	"WF": "Walis na Futuna",
	"EH": "Western Sahara",
	"YE": "Yemeni",
	"JO": "Yoldani",
	"ZM": "Zambia",
	"ZW": "Zimbabwe"
}