{
	"AF": "Afeganistão",
	"ZA": "África do Sul",
	"AX": "Åland Islands",
	"AL": "Albânia",
	"DE": "Alemanha",
	"AD": "Andorra",
	"AO": "Angola",
	"AI": "Anguilla",
	"AQ": "Antarctica",
	"AG": "Antígua e Barbuda",
	"SA": "Arábia Saudita",
	"DZ": "Argélia",
	"AR": "Argentina",
	"AM": "Armênia",
	"AW": "Aruba",
	"AC": "Ascension Island",
	"AU": "Austrália",
	"AT": "Áustria",
	"AZ": "Azerbaijão",
	"BS": "Bahamas",
	"BH": "Bahrain",
	"BD": "Bangladesh",
	"BB": "Barbados",
	"BY": "Belarus",
	"BE": "Bélgica",
	"BZ": "Belize",
	"BJ": "Benin",
	"BM": "Bermudas",
	"BO": "Bolívia",
	"BA": "Bósnia-Herzegovina",
	"BW": "Botsuana",
	"BV": "Bouvet Island",
	"BR": "Brasil",
	"BN": "Brunei",
	"BG": "Bulgária",
	"BF": "Burquina Faso",
	"BI": "Burundi",
	"BT": "Butão",
	"CV": "Cabo Verde",
	"KH": "Camboja",
	"CA": "Canadá",
	"IC": "Canary Islands",
	"BQ": "Caribbean Netherlands",
	"KZ": "Casaquistão",
	"QA": "Catar",
	"EA": "Ceuta & Melilla",
	"TD": "Chade",
	"CL": "Chile",
	"CN": "China",
	"CY": "Chipre",
	"CX": "Christmas Island",
	"SG": "Cingapura",
	"CP": "Clipperton Island",
	"CC": "Cocos (Keeling) Islands",
	"CO": "Colômbia",
	"KM": "Comores",
	"CG": "Congo",
	"CD": "Congo-Kinshasa",
	"KP": "Coréia do Norte",
	"KR": "Coréia do Sul",
	"CI": "Costa do Marfim",
	"CR": "Costa Rica",
	"HR": "Croácia",
	"CU": "Cuba",
	"CW": "Curaçao",
	"DG": "Diego Garcia",
	"DK": "Dinamarca",
	"DJ": "Djibuti",
	"DM": "Dominica",
	"EG": "Egito",
	"SV": "El Salvador",
	"AE": "Emirados Árabes Unidos",
	"EC": "Equador",
	"ER": "Eritréia",
	"SK": "Eslováquia",
	"SI": "Eslovênia",
	"ES": "Espanha",
	"US": "Estados Unidos",
	"EE": "Estônia",
	"ET": "Etiópia",
	"FO": "Faroe Islands",
	"FJ": "Fiji",
	"PH": "Filipinas",
	"FI": "Finlândia",
	"FR": "França",
	"TF": "French Southern Territories",
	"GA": "Gabão",
	"GM": "Gâmbia",
	"GH": "Gana",
	"GE": "Geórgia",
	"GI": "Gibraltar",
	"GD": "Granada",
	"GR": "Grécia",
	"GL": "Groênlandia",
	"GP": "Guadalupe",
	"GU": "Guam",
	"GT": "Guatemala",
	"GG": "Guernsey",
	"GY": "Guiana",
	"GF": "Guiana Francesa",
	"GN": "Guiné",
	"GW": "Guiné Bissau",
	"GQ": "Guiné Equatorial",
	"HT": "Haiti",
	"HM": "Heard & McDonald Islands",
	"NL": "Holanda",
	"HN": "Honduras",
	"HK": "Hong Kong SAR China",
	"HU": "Hungria",
	"YE": "Iêmen",
	"KY": "Ilhas Caiman",
	"CK": "Ilhas Cook",
	"FK": "Ilhas Malvinas",
	"MP": "Ilhas Marianas do Norte",
	"MH": "Ilhas Marshall",
	"NF": "Ilhas Norfolk",
	"SB": "Ilhas Salomão",
	"TC": "Ilhas Turks e Caicos",
	"VG": "Ilhas Virgens Britânicas",
	"VI": "Ilhas Virgens dos EUA",
	"IN": "Índia",
	"ID": "Indonésia",
	"IR": "Irã",
	"IQ": "Iraque",
	"IE": "Irlanda",
	"IS": "Islândia",
	"IM": "Isle of Man",
	"IL": "Israel",
	"IT": "Itália",
	"JM": "Jamaica",
	"JP": "Japão",
	"JE": "Jersey",
	"JO": "Jordânia",
	"XK": "Kosovo",
	"KW": "Kuwait",
	"LA": "Laos",
	"LS": "Lesoto",
	"LV": "Letônia",
	"LB": "Líbano",
	"LR": "Libéria",
	"LY": "Líbia",
	"LI": "Liechtenstein",
	"LT": "Lituânia",
	"LU": "Luxemburgo",
	"MO": "Macau SAR China",
	"MK": "Macedônia",
	"MG": "Madagascar",
	"MY": "Malásia",
	"MW": "Malawi",
	"MV": "Maldivas",
	"ML": "Mali",
	"MT": "Malta",
	"MA": "Marrocos",
	"MQ": "Martinica",
	"MU": "Maurício",
	"MR": "Mauritânia",
	"YT": "Mayotte",
	"MX": "México",
	"MM": "Mianmar",
	"FM": "Micronésia",
	"MZ": "Moçambique",
	"MD": "Moldávia",
	"MC": "Mônaco",
	"MN": "Mongólia",
	"ME": "Montenegro",
	"MS": "Montserrat",
	"NA": "Namíbia",
	"NR": "Nauru",
	"NP": "Nepal",
	"NI": "Nicarágua",
	"NE": "Níger",
	"NG": "Nigéria",
	"NU": "Niue",
	"NO": "Noruega",
	"NC": "Nova Caledônia",
	"NZ": "Nova Zelândia",
	"OM": "Omã",
	"PW": "Palau",
	"PA": "Panamá",
	"PG": "Papua-Nova Guiné",
	"PK": "Paquistão",
	"PY": "Paraguai",
	"PE": "Peru",
	"PN": "Pitcairn",
	"PF": "Polinésia Francesa",
	"PL": "Polônia",
	"PR": "Porto Rico",
	"PT": "Portugal",
	"KE": "Quênia",
	"KG": "Quirguistão",
	"KI": "Quiribati",
	"GB": "Reino Unido",
	"CF": "República Centro-Africana",
	"DO": "República Dominicana",
	"CM": "República dos Camarões",
	"CZ": "República Tcheca",
	"RE": "Reunião",
	"RO": "Romênia",
	"RW": "Ruanda",
	"RU": "Rússia",
	"PM": "Saint Pierre e Miquelon",
	"WS": "Samoa",
	"AS": "Samoa Americana",
	"SM": "San Marino",
	"SH": "Santa Helena",
	"LC": "Santa Lúcia",
	"KN": "São Cristovão e Nevis",
	"ST": "São Tomé e Príncipe",
	"VC": "São Vicente e Granadinas",
	"SN": "Senegal",
	"RS": "Serbia",
	"SL": "Serra Leoa",
	"SC": "Seychelles",
	"SX": "Sint Maarten",
	"SY": "Síria",
	"SO": "Somália",
	"GS": "South Georgia & South Sandwich Islands",
	"SS": "South Sudan",
	"LK": "Sri Lanka",
	"BL": "St. Barthélemy",
	"MF": "St. Martin",
	"SZ": "Suazilândia",
	"SD": "Sudão",
	"SE": "Suécia",
	"CH": "Suíça",
	"SR": "Suriname",
	"SJ": "Svalbard & Jan Mayen",
	"TJ": "Tadjiquistão",
	"TH": "Tailândia",
	"TW": "Taiwan",
	"TZ": "Tanzania",
	"IO": "Território Britânico do Oceano Índico",
	"PS": "Território da Palestina",
	"TL": "Timor Leste",
	"TG": "Togo",
	"TK": "Tokelau",
	"TO": "Tonga",
	"TT": "Trinidad e Tobago",
	"TA": "Tristan da Cunha",
	"TN": "Tunísia",
	"TM": "Turcomenistão",
	"TR": "Turquia",
	"TV": "Tuvalu",
	"UM": "U.S. Outlying Islands",
	"UA": "Ucrânia",
	"UG": "Uganda",
	"UY": "Uruguai",
	"UZ": "Uzbequistão",
	"VU": "Vanuatu",
	"VA": "Vaticano",
	"VE": "Venezuela",
	"VN": "Vietnã",
	"WF": "Wallis e Futuna",
	"EH": "Western Sahara",
	"ZM": "Zâmbia",
	"ZW": "Zimbábue"
}