{
	"AF": "Afganistan",
	"AL": "Albania",
	"DZ": "Algeria",
	"AS": "Amerika Samoa",
	"AD": "Andorra",
	"AO": "Angola",
	"AI": "Anguilla",
	"AQ": "Antarktis",
	"AG": "Antigua já Barbuda",
	"AE": "Arabiemirkodeh",
	"AR": "Argentina",
	"AM": "Armenia",
	"AW": "Aruba",
	"AC": "Ascension-suálui",
	"AU": "Australia",
	"AZ": "Azerbaidžan",
	"BS": "Bahama",
	"BH": "Bahrain",
	"BD": "Bangladesh",
	"BB": "Barbados",
	"BE": "Belgia",
	"BZ": "Belize",
	"BJ": "Benin",
	"BM": "Bermuda",
	"BT": "Bhutan",
	"BO": "Bolivia",
	"BA": "Bosnia já Herzegovina",
	"BW": "Botswana",
	"BV": "Bouvetsuálui",
	"BR": "Brasilia",
	"IO": "Brittilâš India väldimeerâ kuávlu",
	"VG": "Brittiliih Nieidâsuolluuh",
	"BN": "Brunei",
	"BG": "Bulgaria",
	"BF": "Burkina Faso",
	"BI": "Burundi",
	"CV": "Cape Verde",
	"BQ": "Caribbean Netherlands",
	"KY": "Caymansuolluuh",
	"EA": "Ceuta já Melilla",
	"CL": "Chile",
	"CP": "Clippertonsuálui",
	"CG": "Congo - Brazzaville",
	"CD": "Congo - Kinshasa",
	"CK": "Cooksuolluuh",
	"CR": "Costa Rica",
	"CI": "Côte d’Ivoire",
	"CW": "Curaçao",
	"SJ": "Čokkeväärih já Jan Mayen",
	"DG": "Diego Garcia",
	"DJ": "Djibouti",
	"DM": "Dominica",
	"DO": "Dominikaanisâš täsiväldi",
	"EC": "Ecuador",
	"EE": "Eestieennâm",
	"EG": "Egypti",
	"SV": "El Salvador",
	"ER": "Eritrea",
	"ES": "Espanja",
	"ET": "Etiopia",
	"FK": "Falklandsuolluuh",
	"FJ": "Fidži",
	"PH": "Filipineh",
	"FO": "Färsuolluuh",
	"GA": "Gabon",
	"GM": "Gambia",
	"GE": "Georgia",
	"GH": "Ghana",
	"GI": "Gibraltar",
	"GD": "Grenada",
	"GL": "Grönland",
	"GP": "Guadeloupe",
	"GU": "Guam",
	"GT": "Guatemala",
	"GG": "Guernsey",
	"GN": "Guinea",
	"GW": "Guinea-Bissau",
	"GY": "Guyana",
	"HT": "Haiti",
	"HM": "Heard já McDonaldsuolluuh",
	"HN": "Honduras",
	"HK": "Hongkong – Kiina e.h.k.",
	"IN": "India",
	"ID": "Indonesia",
	"IQ": "Irak",
	"IR": "Iran",
	"IE": "Irland",
	"IS": "Island",
	"IL": "Israel",
	"IT": "Italia",
	"JP": "Jaapaan",
	"JM": "Jamaika",
	"YE": "Jemen",
	"JE": "Jersey",
	"JO": "Jordan",
	"CX": "Juovlâsuálui",
	"KH": "Kambodža",
	"CM": "Kamerun",
	"CA": "Kanada",
	"IC": "Kanariasuolluuh",
	"KZ": "Kazakstan",
	"KE": "Kenia",
	"CN": "Kiina",
	"KG": "Kirgisia",
	"KI": "Kiribati",
	"CO": "Kolumbia",
	"KM": "Komoreh",
	"CC": "Kookossuolluuh (Keelingsuolluuh)",
	"CF": "Koskâ-Afrika täsiväldi",
	"XK": "Kosovo",
	"GR": "Kreikka",
	"HR": "Kroatia",
	"CU": "Kuuba",
	"KW": "Kuwait",
	"CY": "Kypros",
	"LA": "Laos",
	"LV": "Latvia",
	"LS": "Lesotho",
	"LB": "Libanon",
	"LR": "Liberia",
	"LY": "Libya",
	"LI": "Liechtenstein",
	"LT": "Liettua",
	"LU": "Luxemburg",
	"ZA": "Maadâ-Afrikka",
	"GS": "Maadâ-Georgia já Máddááh Sandwichsuolluuh",
	"KR": "Maadâ-Korea",
	"SS": "Maadâ-Sudan",
	"MO": "Macao - – Kiina e.h.k.",
	"MK": "Macedonia",
	"MG": "Madagaskar",
	"MW": "Malawi",
	"MY": "Malaysia",
	"MV": "Malediveh",
	"ML": "Mali",
	"MT": "Malta",
	"IM": "Mansuálui",
	"MA": "Marokko",
	"MH": "Marshallsuolluuh",
	"MQ": "Martinique",
	"MR": "Mauritania",
	"MU": "Mauritius",
	"YT": "Mayotte",
	"MX": "Meksiko",
	"FM": "Mikronesia littoväldi",
	"MD": "Moldova",
	"MC": "Monaco",
	"MN": "Mongolia",
	"ME": "Montenegro",
	"MS": "Montserrat",
	"MZ": "Mosambik",
	"MM": "Myanmar (Burma)",
	"NA": "Namibia",
	"NR": "Nauru",
	"NP": "Nepal",
	"NI": "Nicaragua",
	"NE": "Niger",
	"NG": "Nigeria",
	"NU": "Niue",
	"NF": "Norfolksuálui",
	"AT": "Nuorttâriijkâ",
	"OM": "Oman",
	"GB": "Ovtâstum Kunâgâskodde",
	"US": "Ovtâstum Staatah",
	"VI": "Ovtâstum Staatâi Nieidâsuolluuh",
	"UM": "Ovtâstum Staatâi sierânâssuolluuh",
	"PK": "Pakistan",
	"PW": "Palau",
	"PS": "Palestinian Territories",
	"PA": "Panama",
	"PG": "Papua-Uđđâ-Guinea",
	"PY": "Paraguay",
	"GQ": "Peeivitäsideijee Guinea",
	"PE": "Peru",
	"PN": "Pitcairn",
	"PT": "Portugal",
	"PR": "Puerto Rico",
	"PL": "Puola",
	"QA": "Qatar",
	"FR": "Ranska",
	"GF": "Ranska Guyana",
	"TF": "Ranska máddááh kuávluh",
	"PF": "Ranska Polynesia",
	"RE": "Réunion",
	"RO": "Romania",
	"RW": "Ruanda",
	"RU": "Ruoššâ",
	"SE": "Ruotâ",
	"SH": "Saint Helena",
	"DE": "Saksa",
	"SB": "Salomosuolluuh",
	"ZM": "Sambia",
	"WS": "Samoa",
	"SM": "San Marino",
	"SA": "Saudi Arabia",
	"SN": "Senegal",
	"RS": "Serbia",
	"SC": "Seychelleh",
	"SL": "Sierra Leone",
	"SG": "Singapore",
	"SX": "Sint Maarten",
	"SK": "Slovakia",
	"SI": "Slovenia",
	"SO": "Somalia",
	"LK": "Sri Lanka",
	"BL": "St. Barthélemy",
	"KN": "St. Kitts já Nevis",
	"LC": "St. Lucia",
	"MF": "St. Martin",
	"PM": "St. Pierre já Miquelon",
	"VC": "St. Vincent já Grenadines",
	"SD": "Sudan",
	"FI": "Suomâ",
	"SR": "Surinam",
	"CH": "Sveitsi",
	"SZ": "Swazieennâm",
	"SY": "Syria",
	"ST": "São Tomé já Príncipe",
	"NO": "Taažâ",
	"TJ": "Tadžikistan",
	"TW": "Taiwan",
	"TZ": "Tansania",
	"DK": "Tanska",
	"KP": "Tave-Korea",
	"MP": "Tave-Marianeh",
	"TH": "Thaieennâm",
	"TL": "Timor-Leste",
	"TG": "Togo",
	"TK": "Tokelau",
	"TO": "Tonga",
	"TT": "Trinidad já Tobago",
	"TA": "Tristan da Cunha",
	"TD": "Tšad",
	"CZ": "Tšekki",
	"TN": "Tunisia",
	"TR": "Turkki",
	"TM": "Turkmenistan",
	"TC": "Turks- já Caicossuolluuh",
	"TV": "Tuvalu",
	"NC": "Uđđâ-Kaledonia",
	"NZ": "Uđđâ-Seeland",
	"UG": "Uganda",
	"UA": "Ukraina",
	"HU": "Uŋgar",
	"UY": "Uruguay",
	"UZ": "Uzbekistan",
	"VU": "Vanuatu",
	"VA": "Vatikan",
	"VE": "Venezuela",
	"BY": "Vielgis-Ruoššâ",
	"VN": "Vietnam",
	"NL": "Vuáládâhenâmeh",
	"AX": "Vuáskueennâm",
	"WF": "Wallis já Futuna",
	"EH": "Western Sahara",
	"ZW": "Zimbabwe"
}