{
	"AF": "Afgaanistaan",
	"AX": "Åland Islands",
	"AL": "Albaaniya",
	"DZ": "Aljeeriya",
	"AD": "Andora",
	"AO": "Angoola",
	"AI": "Anguilla",
	"AQ": "Antarctica",
	"AG": "Antigua iyo Barbuda",
	"AR": "Arjantiin",
	"AM": "Armeeniya",
	"AW": "Aruba",
	"AC": "Ascension Island",
	"AU": "Awstaraaliya",
	"AT": "Awsteriya",
	"IE": "Ayrlaand",
	"AZ": "Azerbajaan",
	"BB": "Baarbadoos",
	"BS": "Bahaamas",
	"PK": "Bakistaan",
	"BD": "Bangaaladheesh",
	"BH": "Baxreyn",
	"BY": "Belarus",
	"BZ": "Belize",
	"BM": "Bermuuda",
	"BT": "Bhutan",
	"BE": "Biljam",
	"BJ": "Biniin",
	"BO": "Boliifiya",
	"PL": "Booland",
	"PT": "Bortuqaal",
	"BA": "Bosniya Hersigoviina",
	"BW": "Botuswaana",
	"BV": "Bouvet Island",
	"BR": "Braasiil",
	"IO": "British Indian Ocean Territory",
	"VG": "British Virgin Islands",
	"BG": "Bulgaariya",
	"BF": "Burkiina Faaso",
	"BI": "Burundi",
	"BN": "Buruneeya",
	"IC": "Canary Islands",
	"CV": "Cape Verde Islands",
	"BQ": "Caribbean Netherlands",
	"KY": "Cayman Islands",
	"EA": "Ceuta & Melilla",
	"CX": "Christmas Island",
	"IQ": "Ciraaq",
	"CP": "Clipperton Island",
	"CC": "Cocos (Keeling) Islands",
	"OM": "Cumaan",
	"CW": "Curaçao",
	"DK": "Denmark",
	"DG": "Diego Garcia",
	"DM": "Domeenika",
	"SV": "El Salvador",
	"GQ": "Equatorial Guinea",
	"ER": "Eretereeya",
	"EE": "Estooniya",
	"VA": "Faatikaan",
	"PS": "Falastiin Daanka galbeed iyo Qasa",
	"FR": "Faransiis",
	"FO": "Faroe Islands",
	"VE": "Fenisuweela",
	"FJ": "Fiji",
	"PH": "Filibiin",
	"FI": "Finland",
	"VN": "Fiyetnaam",
	"GF": "French Guiana",
	"PF": "French Polynesia",
	"TF": "French Southern Territories",
	"GA": "Gaaboon",
	"GH": "Gaana",
	"GM": "Gambiya",
	"GI": "Gibraltar",
	"GN": "Gini",
	"GW": "Gini-Bisaaw",
	"GR": "Giriig",
	"GD": "Giriinaada",
	"GL": "Greenland",
	"GP": "Guadeloupe",
	"GU": "Guam",
	"GG": "Guernsey",
	"GT": "Guwaatamaala",
	"GY": "Guyana",
	"HU": "Hangeri",
	"HT": "Hayti",
	"HM": "Heard & McDonald Islands",
	"IN": "Hindiya",
	"HN": "Honduras",
	"HK": "Hong Kong SAR China",
	"IR": "Iiraan",
	"IS": "Iislaand",
	"EC": "Ikuwadoor",
	"AE": "Imaaraadka Carabta ee Midoobay",
	"ID": "Indoneesiya",
	"ES": "Isbeyn",
	"IM": "Isle of Man",
	"IL": "Israaʼiil",
	"SZ": "Iswaasilaand",
	"SE": "Iswidhan",
	"ET": "Itoobiya",
	"CI": "Ivory coast",
	"TD": "Jaad",
	"JP": "Jabaan",
	"DJ": "Jabuuti",
	"JM": "Jameyka",
	"CF": "Jamhuuriyadda Afrikada Dhexe",
	"CD": "Jamhuuriyadda Dimuquraadiga Kongo",
	"DO": "Jamhuuriyadda Domeenika",
	"CZ": "Jamhuuriyadda Jek",
	"DE": "Jarmal",
	"FK": "Jaziiradaha Fooklaan",
	"CK": "Jaziiradda Cook",
	"JE": "Jersey",
	"CL": "Jili",
	"GE": "Joorjiya",
	"CM": "Kaameruun",
	"KH": "Kamboodiya",
	"CA": "Kanada",
	"KZ": "Kasaakhistaan",
	"KE": "Kiiniya",
	"KG": "Kirgistaan",
	"KI": "Kiribati",
	"CO": "Kolombiya",
	"KM": "Komooros",
	"CG": "Kongo",
	"ZA": "Koonfur Afrika",
	"HR": "Korweeshiya",
	"XK": "Kosovo",
	"CR": "Kosta Riika",
	"CU": "Kuuba",
	"KR": "Kuuriyada Koonfureed",
	"KP": "Kuuriyada Waqooyi",
	"KW": "Kuwayt",
	"LA": "Laos",
	"LV": "Latfiya",
	"LR": "Laybeeriya",
	"LI": "Liechtenstein",
	"LY": "Liibiya",
	"LT": "Lituweeniya",
	"LS": "Losooto",
	"LB": "Lubnaan",
	"LU": "Luksemboorg",
	"MT": "Maalda",
	"MV": "Maaldiqeen",
	"ML": "Maali",
	"MO": "Macau SAR China",
	"MG": "Madagaskar",
	"MK": "Makadooniya",
	"MW": "Malaawi",
	"MY": "Malaysia",
	"US": "Maraykanka",
	"MA": "Marooko",
	"MH": "Marshall Islands",
	"MQ": "Martinique",
	"EG": "Masar",
	"YT": "Mayotte",
	"MX": "Meksiko",
	"FM": "Micronesia",
	"MM": "Miyanmar",
	"MD": "Moldofa",
	"MN": "Mongooliya",
	"ME": "Montenegro",
	"MS": "Montserrat",
	"MC": "Moonako",
	"MU": "Murishiyoos",
	"MR": "Muritaaniya",
	"MZ": "Musambiig",
	"NA": "Namiibiya",
	"NR": "Nauru",
	"NG": "Nayjeeriya",
	"NE": "Nayjer",
	"NP": "Nebaal",
	"NL": "Netherlands",
	"NC": "New Caledonia",
	"NZ": "Neyuusilaand",
	"NI": "Nikaraaguwa",
	"NU": "Niue",
	"NO": "Noorweey",
	"NF": "Norfolk Island",
	"MP": "Northern Mariana Islands",
	"PW": "Palau",
	"PA": "Panama",
	"PG": "Papua New Guinea",
	"PY": "Paraguay",
	"PE": "Peru",
	"PN": "Pitcairn",
	"PR": "Puerto Rico",
	"QA": "Qadar",
	"CY": "Qubrus",
	"RE": "Réunion",
	"RO": "Rumaaniya",
	"RU": "Ruush",
	"RW": "Ruwanda",
	"ZM": "Saambiya",
	"SA": "Sacuudi Carabiya",
	"SH": "Saint Helena",
	"KN": "Saint Kitts and Nevis",
	"LC": "Saint Lucia",
	"PM": "Saint Pierre and Miquelon",
	"VC": "Saint Vincent and the Grenadines",
	"WS": "Samoa",
	"AS": "Samowa Ameerika",
	"SM": "San Marino",
	"ST": "São Tomé and Príncipe",
	"RS": "Serbia",
	"CN": "Shiinaha",
	"ZW": "Simbaabwe",
	"SG": "Singaboor",
	"SN": "Sinigaal",
	"SX": "Sint Maarten",
	"SL": "Siraaliyoon",
	"LK": "Sirilaanka",
	"SC": "Sishelis",
	"SK": "Slovakia",
	"SI": "Slovenia",
	"SB": "Solomon Islands",
	"SO": "Soomaaliya",
	"GS": "South Georgia & South Sandwich Islands",
	"SS": "South Sudan",
	"BL": "St. Barthélemy",
	"MF": "St. Martin",
	"SR": "Suriname",
	"SD": "Suudaan",
	"SY": "Suuriya",
	"SJ": "Svalbard & Jan Mayen",
	"CH": "Swiiserlaand",
	"TJ": "Tajikistan",
	"IT": "Talyaani",
	"TZ": "Tansaaniya",
	"TH": "Taylaand",
	"TW": "Taywaan",
	"TL": "Timorka bari",
	"TK": "Tokelau",
	"TO": "Tonga",
	"TG": "Toogo",
	"TT": "Trinidad and Tobago",
	"TA": "Tristan da Cunha",
	"TN": "Tuniisiya",
	"TR": "Turki",
	"TM": "Turkmenistan",
	"TC": "Turks and Caicos Islands",
	"TV": "Tuvalu",
	"UM": "U.S. Outlying Islands",
	"VI": "U.S. Virgin Islands",
	"UG": "Ugaanda",
	"UA": "Ukrayn",
	"GB": "United Kingdom",
	"JO": "Urdun",
	"UY": "Uruguwaay",
	"UZ": "Uusbakistaan",
	"VU": "Vanuatu",
	"WF": "Wallis and Futuna",
	"EH": "Western Sahara",
	"YE": "Yaman"
}