{
	"AF": "Afganistan",
	"ZA": "Afrika e Jugut",
	"DZ": "Algjeri",
	"AD": "Andorrë",
	"AO": "Angolë",
	"AI": "Anguilë",
	"AQ": "Antarktikë",
	"AG": "Antigua e Barbuda",
	"SA": "Arabia Saudite",
	"AR": "Argjentinë",
	"AM": "Armeni",
	"AW": "Arubë",
	"AU": "Australi",
	"AT": "Austri",
	"AZ": "Azerbajxhan",
	"BS": "Bahamas",
	"BH": "Bahrejn",
	"BD": "Bangladesh",
	"BB": "Barbados",
	"BE": "Belgjikë",
	"BZ": "Belizë",
	"BJ": "Benin",
	"BM": "Bermudë",
	"BY": "Bjellorusi",
	"BO": "Bolivi",
	"BA": "Bosnjë-Hercegovinë",
	"BW": "Botsvanë",
	"BR": "Brazil",
	"BN": "Brunei",
	"BG": "Bullgari",
	"BF": "Burkina-Faso",
	"BI": "Burundi",
	"BT": "Butan",
	"CI": "Côte d’Ivoire",
	"TD": "Çad",
	"CZ": "Çeki",
	"DK": "Danimarkë",
	"DG": "Diego-Garsia",
	"DM": "Dominikë",
	"EG": "Egjipt",
	"EC": "Ekuador",
	"AE": "Emiratet e Bashkuara Arabe",
	"ER": "Eritre",
	"EE": "Estoni",
	"ET": "Etiopi",
	"PH": "Filipine",
	"FI": "Finlandë",
	"FJ": "Fixhi",
	"FR": "Francë",
	"GA": "Gabon",
	"GM": "Gambia",
	"GH": "Ganë",
	"GG": "Gernsej",
	"GD": "Grenadë",
	"GL": "Grenlandë",
	"GR": "Greqi",
	"GP": "Guadalupe",
	"GF": "Guajana Franceze",
	"GY": "Guajanë",
	"GU": "Guam",
	"GT": "Guatemalë",
	"GN": "Guine",
	"GW": "Guine-Bisau",
	"PG": "Guineja e Re-Papua",
	"GQ": "Guineja Ekuatoriale",
	"GE": "Gjeorgji",
	"DE": "Gjermani",
	"GI": "Gjibraltar",
	"HT": "Haiti",
	"NL": "Holandë",
	"HN": "Honduras",
	"HU": "Hungari",
	"IN": "Indi",
	"ID": "Indonezi",
	"IQ": "Irak",
	"IR": "Iran",
	"IE": "Irlandë",
	"IS": "Islandë",
	"AX": "Ishujt Alandë",
	"MP": "Ishujt e Marianës Veriore",
	"VG": "Ishujt e Virgjër Britanikë",
	"VI": "Ishujt e Virgjër të SHBA-së",
	"FK": "Ishujt Falkland",
	"FO": "Ishujt Faroe",
	"HM": "Ishujt Hërd e Mekdonald",
	"KY": "Ishujt Kajman",
	"IC": "Ishujt Kanarie",
	"CC": "Ishujt Kokos",
	"CK": "Ishujt Kuk",
	"MH": "Ishujt Marshall",
	"UM": "Ishujt Periferikë të SHBA-së",
	"PN": "Ishujt Pitkern",
	"SB": "Ishujt Solomon",
	"TC": "Ishujt Turks dhe Kaikos",
	"AC": "Ishulli Asenshion",
	"BV": "Ishulli Bove",
	"CX": "Ishulli i Krishtlindjes",
	"IM": "Ishulli i Manit",
	"CP": "Ishulli Klipërton",
	"NF": "Ishulli Norfolk",
	"IT": "Itali",
	"IL": "Izrael",
	"JP": "Japoni",
	"YE": "Jemen",
	"JO": "Jordani",
	"NC": "Kaledonia e Re",
	"KH": "Kamboxhia",
	"CM": "Kamerun",
	"CA": "Kanada",
	"BQ": "Karaibet holandeze",
	"QA": "Katar",
	"KZ": "Kazakistan",
	"KE": "Kenia",
	"CV": "Kepi i Gjelbër",
	"CL": "Kili",
	"CN": "Kinë",
	"KG": "Kirgistan",
	"KI": "Kiribati",
	"CO": "Kolumbi",
	"KM": "Komore",
	"CG": "Kongo-Brazavilë",
	"CD": "Kongo-Kinshasa",
	"KR": "Koreja e Jugut",
	"KP": "Koreja e Veriut",
	"XK": "Kosovë",
	"CR": "Kosta-Rikë",
	"HR": "Kroaci",
	"CU": "Kubë",
	"CW": "Kuraçao",
	"KW": "Kuvajt",
	"LA": "Laos",
	"LS": "Lesoto",
	"LV": "Letoni",
	"LB": "Liban",
	"LR": "Liberi",
	"LY": "Libi",
	"LI": "Lihtenshtajn",
	"LT": "Lituani",
	"LU": "Luksemburg",
	"MG": "Madagaskar",
	"YT": "Majotë",
	"ME": "Mal i Zi",
	"MY": "Malajzi",
	"MW": "Malavi",
	"MV": "Maldive",
	"ML": "Mali",
	"MT": "Maltë",
	"MK": "Maqedoni",
	"MA": "Marok",
	"MQ": "Martinikë",
	"MR": "Mauritani",
	"MU": "Mauritius",
	"GB": "Mbretëria e Bashkuar",
	"MX": "Meksikë",
	"MM": "Mianmar (Burma)",
	"FM": "Mikronezi",
	"MD": "Moldavi",
	"MC": "Monako",
	"MN": "Mongoli",
	"MS": "Montserat",
	"MZ": "Mozambik",
	"NA": "Namibi",
	"NR": "Nauru",
	"NP": "Nepal",
	"NE": "Niger",
	"NG": "Nigeri",
	"NI": "Nikaragua",
	"NU": "Niue",
	"NO": "Norvegji",
	"OM": "Oman",
	"PK": "Pakistan",
	"PW": "Palau",
	"PA": "Panama",
	"PY": "Paraguai",
	"PE": "Peru",
	"PF": "Polinezia Franceze",
	"PL": "Poloni",
	"PR": "Porto-Riko",
	"PT": "Portugali",
	"CY": "Qipro",
	"DO": "Republika Dominikane",
	"CF": "Republika e Afrikës Qendrore",
	"RE": "Reunion",
	"HK": "RPA i Hong-Kongut",
	"MO": "RPA i Makaos",
	"RW": "Ruandë",
	"RO": "Rumani",
	"RU": "Rusi",
	"EH": "Saharaja Perëndimore",
	"SV": "Salvador",
	"WS": "Samoa",
	"AS": "Samoa Amerikane",
	"SM": "San-Marino",
	"ST": "Sao-Tome e Principe",
	"SC": "Sejshelle",
	"SN": "Senegal",
	"RS": "Serbi",
	"SL": "Siera-Leone",
	"SG": "Singapor",
	"SX": "Sint-Marten",
	"SY": "Siri",
	"SK": "Sllovaki",
	"SI": "Slloveni",
	"SO": "Somali",
	"ES": "Spanjë",
	"LK": "Sri-Lankë",
	"SD": "Sudan",
	"SS": "Sudani i Jugut",
	"SE": "Suedi",
	"SR": "Surinami",
	"SJ": "Svalbard e Jan-Majen",
	"SZ": "Svazilandë",
	"BL": "Shën-Bartolome",
	"SH": "Shën-Helenë",
	"KN": "Shën-Kits dhe Nevis",
	"LC": "Shën-Luçia",
	"MF": "Shën-Martin",
	"PM": "Shën-Pier dhe Mikelon",
	"VC": "Shën-Vincent dhe Grenadine",
	"AL": "Shqipëri",
	"US": "Shtetet e Bashkuara të Amerikës",
	"TH": "Tajlandë",
	"TW": "Tajvan",
	"TZ": "Tanzani",
	"TJ": "Taxhikistan",
	"TF": "Territoret Jugore Franceze",
	"PS": "Territoret Palestineze",
	"IO": "Territori Britanik i Oqeanit Indian",
	"TL": "Timor-Leste",
	"TG": "Togo",
	"TK": "Tokelau",
	"TO": "Tonga",
	"TT": "Trinidad e Tobago",
	"TA": "Tristan-da-Kuna",
	"TN": "Tunizi",
	"TM": "Turkmenistan",
	"TR": "Turqi",
	"TV": "Tuvalu",
	"EA": "Theuta e Melila",
	"UG": "Ugandë",
	"UA": "Ukrainë",
	"WF": "Uollis e Futuna",
	"UY": "Uruguai",
	"UZ": "Uzbekistan",
	"VU": "Vanuatu",
	"VA": "Vatikan",
	"VE": "Venezuelë",
	"VN": "Vietnam",
	"JM": "Xhamajkë",
	"JE": "Xhersej",
	"DJ": "Xhibuti",
	"GS": "Xhorxha Jugore dhe Ishujt Senduiçë të Jugut",
	"ZM": "Zambia",
	"NZ": "Zelandë e Re",
	"ZW": "Zimbabve",
	"CH": "Zvicër"
}