{
	"AF": "Afgaanistan",
	"AX": "Åland Islands",
	"AL": "Albaani",
	"GB": "Albaasalaama Marganta",
	"DE": "Almaaɲe",
	"DZ": "Alžeeri",
	"VI": "Ameerik Virgin Gungey",
	"US": "Ameriki Laabu Margantey",
	"AS": "Ameriki Samoa",
	"AD": "Andoora",
	"AI": "Angiiya",
	"AO": "Angoola",
	"AQ": "Antarctica",
	"AG": "Antigua nda Barbuuda",
	"AR": "Argentine",
	"AM": "Armeeni",
	"AW": "Aruuba",
	"AC": "Ascension Island",
	"IS": "Ayseland",
	"AZ": "Azerbaayijaŋ",
	"BS": "Bahamas",
	"BH": "Bahareen",
	"BD": "Bangladeši",
	"BB": "Barbaados",
	"BE": "Belgiiki",
	"BZ": "Beliizi",
	"BJ": "Beniŋ",
	"BM": "Bermuda",
	"BY": "Biloriši",
	"BO": "Boolivi",
	"BA": "Bosni nda Herzegovine",
	"BW": "Botswaana",
	"BV": "Bouvet Island",
	"BR": "Breezil",
	"IO": "Britiši Indu teekoo laama",
	"VG": "Britiši Virgin gungey",
	"BN": "Bruunee",
	"BG": "Bulgaari",
	"BF": "Burkina faso",
	"BI": "Burundi",
	"BT": "Buutaŋ",
	"TD": "Caadu",
	"IC": "Canary Islands",
	"BQ": "Caribbean Netherlands",
	"CZ": "Cek labo",
	"CF": "Centraafriki koyra",
	"EA": "Ceuta & Melilla",
	"CX": "Christmas Island",
	"CP": "Clipperton Island",
	"CC": "Cocos (Keeling) Islands",
	"CW": "Curaçao",
	"DK": "Danemark",
	"DG": "Diego Garcia",
	"DM": "Doominiki",
	"DO": "Doominiki laboo",
	"ET": "Ecioopi",
	"EC": "Ekwateer",
	"ER": "Eritree",
	"ES": "Espaaɲe",
	"EE": "Estooni",
	"FR": "Faransi",
	"GF": "Faransi Guyaan",
	"PF": "Faransi Polineezi",
	"FO": "Faroe Islands",
	"FJ": "Fiji",
	"PH": "Filipine",
	"FI": "Finlandu",
	"TF": "French Southern Territories",
	"GA": "Gaabon",
	"GH": "Gaana",
	"GM": "Gambi",
	"GI": "Gibraltar",
	"GN": "Gine",
	"GW": "Gine-Bisso",
	"GQ": "Ginee Ekwatorial",
	"GE": "Gorgi",
	"GR": "Greece",
	"GD": "Grenaada",
	"GL": "Grinland",
	"GU": "Guam",
	"GG": "Guernsey",
	"GY": "Guyaane",
	"GP": "Gwadeluup",
	"GT": "Gwatemaala",
	"HT": "Haiti",
	"ZA": "Hawsa Afriki Laboo",
	"HM": "Heard & McDonald Islands",
	"NL": "Hollandu",
	"HN": "Honduras",
	"HK": "Hong Kong SAR China",
	"HU": "Hungaari",
	"ID": "Indoneezi",
	"IN": "Indu laboo",
	"IQ": "Iraak",
	"IR": "Iraan",
	"RU": "Iriši laboo",
	"IE": "Irlandu",
	"IM": "Isle of Man",
	"IL": "Israyel",
	"IT": "Itaali",
	"JP": "Jaapoŋ",
	"JM": "Jamaayik",
	"JE": "Jersey",
	"DJ": "Jibuuti",
	"NC": "Kaaledooni Taagaa",
	"KZ": "Kaazakstan",
	"FK": "Kalkan gungey",
	"KH": "kamboogi",
	"CM": "Kameruun",
	"CA": "Kanaada",
	"CV": "Kapuver gungey",
	"QA": "Kataar",
	"KY": "Kayman gungey",
	"KE": "Keeniya",
	"KI": "Kiribaati",
	"CO": "Kolombi",
	"KM": "Komoor",
	"CG": "Kongoo",
	"CD": "Kongoo demookaratiki laboo",
	"KP": "Kooree, Gurma",
	"KR": "Kooree, Hawsa",
	"XK": "Kosovo",
	"CR": "Kosta rika",
	"HR": "Krwaasi",
	"CI": "Kudwar",
	"CU": "Kuuba",
	"CK": "Kuuk gungey",
	"KW": "Kuweet",
	"KG": "Kyrgyzstan",
	"AE": "Laaraw Imaarawey Margantey",
	"LA": "Laawos",
	"LS": "Leesoto",
	"LV": "Letooni",
	"LR": "Liberia",
	"LI": "Liechtenstein",
	"LY": "Liibi",
	"LT": "Lituaani",
	"LB": "Lubnaan",
	"LU": "Luxembourg",
	"MK": "Maacedooni",
	"ML": "Maali",
	"MA": "Maarok",
	"MO": "Macau SAR China",
	"MG": "Madagascar",
	"MW": "Malaawi",
	"MV": "Maldiivu",
	"MY": "Maleezi",
	"MT": "Malta",
	"MP": "Mariana Gurma Gungey",
	"MH": "Maršal gungey",
	"MQ": "Martiniiki",
	"MM": "Maynamar",
	"YT": "Mayooti",
	"MX": "Mexiki",
	"FM": "Mikronezi",
	"EG": "Misra",
	"MD": "Moldovi",
	"MC": "Monako",
	"MN": "Mongooli",
	"ME": "Montenegro",
	"MS": "Montserrat",
	"MU": "Mooris gungey",
	"MR": "Mooritaani",
	"MZ": "Mozambik",
	"NG": "Naajiriia",
	"NA": "Naamibi",
	"NR": "Nauru",
	"NP": "Neepal",
	"NI": "Nikaragwa",
	"NU": "Niue",
	"NE": "Nižer",
	"NF": "Norfolk Gungoo",
	"NO": "Norveej",
	"OM": "Omaan",
	"AU": "Ostraali",
	"AT": "Otriši",
	"PK": "Paakistan",
	"PS": "Palestine Dangay nda Gaaza",
	"PW": "Palu",
	"PA": "Panama",
	"PG": "Papua Ginee Taaga",
	"PY": "Paraguwey",
	"PE": "Peeru",
	"PN": "Pitikarin",
	"PL": "Poloɲe",
	"PR": "Porto Riko",
	"PT": "Portugaal",
	"RE": "Reenioŋ",
	"RO": "Rumaani",
	"RW": "Rwanda",
	"SV": "Salvador laboo",
	"WS": "Samoa",
	"SM": "San Marino",
	"ST": "Sao Tome nda Prinsipe",
	"SA": "Saudiya",
	"SL": "Seera Leon",
	"SC": "Seešel",
	"SN": "Senegal",
	"SH": "Seŋ Helena",
	"KN": "Seŋ Kitts nda Nevis",
	"LC": "Seŋ Lussia",
	"PM": "Seŋ Piyer nda Mikelon",
	"VC": "Seŋvinsaŋ nda Grenadine",
	"RS": "Serbia",
	"CL": "Šiili",
	"CN": "Šiin",
	"CY": "Šiipur",
	"SG": "Singapur",
	"SX": "Sint Maarten",
	"SK": "Slovaaki",
	"SI": "Sloveeni",
	"SB": "Solomon Gungey",
	"SO": "Somaali",
	"GS": "South Georgia & South Sandwich Islands",
	"SS": "South Sudan",
	"LK": "Srilanka",
	"BL": "St. Barthélemy",
	"MF": "St. Martin",
	"SR": "Surinaam",
	"SD": "Suudaŋ",
	"SY": "Suuria",
	"SJ": "Svalbard & Jan Mayen",
	"SZ": "Swaziland",
	"SE": "Sweede",
	"CH": "Swisu",
	"TH": "Taayiland",
	"TW": "Taayiwan",
	"TJ": "Taažikistan",
	"TZ": "Tanzaani",
	"TL": "Timoor hawsa",
	"TG": "Togo",
	"TK": "Tokelau",
	"TO": "Tonga",
	"TT": "Trinidad nda Tobaago",
	"TA": "Tristan da Cunha",
	"TN": "Tunizi",
	"TC": "Turk nda Kayikos Gungey",
	"TR": "Turki",
	"TM": "Turkmenistaŋ",
	"TV": "Tuvalu",
	"UM": "U.S. Outlying Islands",
	"UG": "Uganda",
	"UA": "Ukreen",
	"JO": "Urdun",
	"UY": "Uruguwey",
	"UZ": "Uzbeekistan",
	"VA": "Vaatikan Laama",
	"VU": "Vanautu",
	"VE": "Veneezuyeela",
	"VN": "Vietnaam",
	"WF": "Wallis nda Futuna",
	"EH": "Western Sahara",
	"YE": "Yaman",
	"ZM": "Zambi",
	"NZ": "Zeelandu Taaga",
	"ZW": "Zimbabwe"
}